<score-partwise>
  <movement-title>Music21 Fragment</movement-title>
  <identification>
    <creator type="composer">Music21</creator>
  </identification>
  <defaults>
    <scaling>
      <millimeters>7</millimeters>
      <tenths>40</tenths>
    </scaling>
  </defaults>
  <part-list>
    <score-part id="Soprano">
      <part-name>Soprano</part-name>
      <score-instrument id="I2c313db33a948acb48160178c8b9e044">
        <instrument-name>Instrument 1</instrument-name>
      </score-instrument>
      <midi-instrument id="I2c313db33a948acb48160178c8b9e044">
        <midi-channel>1</midi-channel>
        <midi-program>1</midi-program>
      </midi-instrument>
    </score-part>
    <score-part id="Alto">
      <part-name />
    </score-part>
    <score-part id="Tenor">
      <part-name />
    </score-part>
    <score-part id="Bass">
      <part-name />
    </score-part>
  </part-list>
  <part id="Soprano">
    <measure number="0" width="130">
      <print>
        <staff-layout number="1">
          <staff-distance>110.0</staff-distance>
        </staff-layout>
      </print>
      <attributes>
        <divisions>10080</divisions>
        <key>
          <fifths>0</fifths>
          <mode>major</mode>
        </key>
        <time>
          <beats>3</beats>
          <beat-type>4</beat-type>
        </time>
        <clef>
          <sign>G</sign>
          <line>2</line>
        </clef>
      </attributes>
      <note>
        <pitch>
          <step>C</step>
          <octave>5</octave>
        </pitch>
        <duration>10080</duration>
        <type>quarter</type>
        <stem>down</stem>
        <notations />
      </note>
    </measure>
    <measure number="1" width="208">
      <attributes>
        <divisions>10080</divisions>
      </attributes>
      <note>
        <pitch>
          <step>C</step>
          <octave>5</octave>
        </pitch>
        <duration>20160</duration>
        <type>half</type>
        <stem>down</stem>
        <notations />
      </note>
      <note>
        <pitch>
          <step>B</step>
          <octave>4</octave>
        </pitch>
        <duration>10080</duration>
        <type>quarter</type>
        <stem>down</stem>
        <notations />
      </note>
    </measure>
    <measure number="2" width="220">
      <attributes>
        <divisions>10080</divisions>
      </attributes>
      <note>
        <pitch>
          <step>A</step>
          <octave>4</octave>
        </pitch>
        <duration>20160</duration>
        <type>half</type>
        <stem>up</stem>
        <notations />
      </note>
      <note>
        <pitch>
          <step>G</step>
          <octave>4</octave>
        </pitch>
        <duration>10080</duration>
        <type>quarter</type>
        <stem>up</stem>
        <notations />
      </note>
    </measure>
    <measure number="3" width="175">
      <attributes>
        <divisions>10080</divisions>
      </attributes>
      <note>
        <pitch>
          <step>C</step>
          <octave>5</octave>
        </pitch>
        <duration>20160</duration>
        <type>half</type>
        <stem>down</stem>
        <notations />
      </note>
      <note>
        <pitch>
          <step>D</step>
          <octave>5</octave>
        </pitch>
        <duration>10080</duration>
        <type>quarter</type>
        <stem>down</stem>
        <notations />
      </note>
    </measure>
    <measure number="4" width="148">
      <attributes>
        <divisions>10080</divisions>
      </attributes>
      <note>
        <pitch>
          <step>E</step>
          <octave>5</octave>
        </pitch>
        <duration>20160</duration>
        <type>half</type>
        <stem>down</stem>
        <notations>
          <fermata type="upright" />
        </notations>
      </note>
      <note>
        <pitch>
          <step>E</step>
          <octave>5</octave>
        </pitch>
        <duration>10080</duration>
        <type>quarter</type>
        <stem>down</stem>
        <notations />
      </note>
    </measure>
    <measure number="5" width="202">
      <attributes>
        <divisions>10080</divisions>
      </attributes>
      <note>
        <pitch>
          <step>E</step>
          <octave>5</octave>
        </pitch>
        <duration>20160</duration>
        <type>half</type>
        <stem>down</stem>
        <notations />
      </note>
      <note>
        <pitch>
          <step>E</step>
          <octave>5</octave>
        </pitch>
        <duration>10080</duration>
        <type>quarter</type>
        <stem>down</stem>
        <notations />
      </note>
    </measure>
    <measure number="6" width="211">
      <attributes>
        <divisions>10080</divisions>
      </attributes>
      <note>
        <pitch>
          <step>D</step>
          <octave>5</octave>
        </pitch>
        <duration>20160</duration>
        <type>half</type>
        <stem>down</stem>
        <notations />
      </note>
      <note>
        <pitch>
          <step>C</step>
          <octave>5</octave>
        </pitch>
        <duration>10080</duration>
        <type>quarter</type>
        <stem>down</stem>
        <notations />
      </note>
    </measure>
    <measure number="7" width="189">
      <attributes>
        <divisions>10080</divisions>
      </attributes>
      <note>
        <pitch>
          <step>F</step>
          <octave>5</octave>
        </pitch>
        <duration>20160</duration>
        <type>half</type>
        <stem>down</stem>
        <notations />
      </note>
      <note>
        <pitch>
          <step>E</step>
          <octave>5</octave>
        </pitch>
        <duration>10080</duration>
        <type>quarter</type>
        <stem>down</stem>
        <notations />
      </note>
    </measure>
    <measure number="8" width="163">
      <print new-system="yes">
        <staff-layout number="1">
          <staff-distance>110.0</staff-distance>
        </staff-layout>
      </print>
      <attributes>
        <divisions>10080</divisions>
      </attributes>
      <note>
        <pitch>
          <step>D</step>
          <octave>5</octave>
        </pitch>
        <duration>20160</duration>
        <type>half</type>
        <stem>down</stem>
        <notations>
          <fermata type="upright" />
        </notations>
      </note>
      <note>
        <pitch>
          <step>C</step>
          <octave>5</octave>
        </pitch>
        <duration>10080</duration>
        <type>quarter</type>
        <stem>down</stem>
        <notations />
      </note>
    </measure>
    <measure number="9" width="182">
      <attributes>
        <divisions>10080</divisions>
      </attributes>
      <note>
        <pitch>
          <step>D</step>
          <octave>5</octave>
        </pitch>
        <duration>20160</duration>
        <type>half</type>
        <stem>down</stem>
        <notations />
      </note>
      <note>
        <pitch>
          <step>E</step>
          <octave>5</octave>
        </pitch>
        <duration>10080</duration>
        <type>quarter</type>
        <stem>down</stem>
        <notations />
      </note>
    </measure>
    <measure number="10" width="180">
      <attributes>
        <divisions>10080</divisions>
      </attributes>
      <note>
        <pitch>
          <step>D</step>
          <octave>5</octave>
        </pitch>
        <duration>20160</duration>
        <type>half</type>
        <stem>down</stem>
        <notations />
      </note>
      <note>
        <pitch>
          <step>C</step>
          <octave>5</octave>
        </pitch>
        <duration>10080</duration>
        <type>quarter</type>
        <stem>down</stem>
        <notations />
      </note>
    </measure>
    <measure number="11" width="180">
      <attributes>
        <divisions>10080</divisions>
      </attributes>
      <note>
        <pitch>
          <step>A</step>
          <octave>4</octave>
        </pitch>
        <duration>10080</duration>
        <type>quarter</type>
        <stem>up</stem>
        <notations />
      </note>
      <note>
        <pitch>
          <step>B</step>
          <octave>4</octave>
        </pitch>
        <duration>20160</duration>
        <type>half</type>
        <stem>down</stem>
        <notations />
      </note>
    </measure>
    <measure number="12" width="93">
      <attributes>
        <divisions>10080</divisions>
      </attributes>
      <note>
        <pitch>
          <step>C</step>
          <octave>5</octave>
        </pitch>
        <duration>20160</duration>
        <type>half</type>
        <stem>down</stem>
        <notations>
          <fermata type="upright" />
        </notations>
      </note>
      <note>
        <pitch>
          <step>G</step>
          <octave>5</octave>
        </pitch>
        <duration>10080</duration>
        <type>quarter</type>
        <stem>down</stem>
        <notations />
      </note>
    </measure>
    <measure number="13" width="190">
      <attributes>
        <divisions>10080</divisions>
      </attributes>
      <note>
        <pitch>
          <step>E</step>
          <octave>5</octave>
        </pitch>
        <duration>15120</duration>
        <type>quarter</type>
        <dot />
        <stem>down</stem>
        <notations />
      </note>
      <note>
        <pitch>
          <step>D</step>
          <octave>5</octave>
        </pitch>
        <duration>5040</duration>
        <type>eighth</type>
        <stem>down</stem>
        <notations />
      </note>
      <note>
        <pitch>
          <step>C</step>
          <octave>5</octave>
        </pitch>
        <duration>10080</duration>
        <type>quarter</type>
        <stem>down</stem>
        <notations />
      </note>
    </measure>
    <measure number="14" width="190">
      <attributes>
        <divisions>10080</divisions>
      </attributes>
      <note>
        <pitch>
          <step>D</step>
          <octave>5</octave>
        </pitch>
        <duration>15120</duration>
        <type>quarter</type>
        <dot />
        <stem>down</stem>
        <notations />
      </note>
      <note>
        <pitch>
          <step>E</step>
          <octave>5</octave>
        </pitch>
        <duration>5040</duration>
        <type>eighth</type>
        <stem>down</stem>
        <notations />
      </note>
      <note>
        <pitch>
          <step>F</step>
          <octave>5</octave>
        </pitch>
        <duration>10080</duration>
        <type>quarter</type>
        <stem>down</stem>
        <notations />
      </note>
    </measure>
    <measure number="15" width="202">
      <attributes>
        <divisions>10080</divisions>
      </attributes>
      <note>
        <pitch>
          <step>E</step>
          <octave>5</octave>
        </pitch>
        <duration>10080</duration>
        <type>quarter</type>
        <stem>down</stem>
        <notations />
      </note>
      <note>
        <pitch>
          <step>D</step>
          <octave>5</octave>
        </pitch>
        <duration>20160</duration>
        <type>half</type>
        <stem>down</stem>
        <notations />
      </note>
    </measure>
    <measure number="16" width="103">
      <attributes>
        <divisions>10080</divisions>
      </attributes>
      <note>
        <pitch>
          <step>C</step>
          <octave>5</octave>
        </pitch>
        <duration>20160</duration>
        <type>half</type>
        <stem>down</stem>
        <notations>
          <fermata type="upright" />
        </notations>
      </note>
      <barline location="right">
        <bar-style>light-heavy</bar-style>
      </barline>
    </measure>
  </part>
  <part id="Alto">
    <measure number="0">
      <attributes>
        <divisions>10080</divisions>
      </attributes>
      <note>
        <pitch>
          <step>C</step>
          <alter>1</alter>
          <octave>5</octave>
        </pitch>
        <duration>10080</duration>
        <type>quarter</type>
        <accidental>sharp</accidental>
        <notations />
      </note>
    </measure>
    <measure number="0">
      <attributes>
        <divisions>10080</divisions>
      </attributes>
      <note>
        <pitch>
          <step>A</step>
          <octave>5</octave>
        </pitch>
        <duration>30240</duration>
        <type>half</type>
        <dot />
        <notations />
      </note>
    </measure>
    <measure number="0">
      <attributes>
        <divisions>10080</divisions>
      </attributes>
      <note>
        <pitch>
          <step>D</step>
          <alter>-1</alter>
          <octave>5</octave>
        </pitch>
        <duration>20160</duration>
        <type>half</type>
        <accidental>flat</accidental>
        <notations />
      </note>
      <note>
        <pitch>
          <step>G</step>
          <alter>1</alter>
          <octave>3</octave>
        </pitch>
        <duration>10080</duration>
        <type>quarter</type>
        <accidental>sharp</accidental>
        <notations />
      </note>
    </measure>
    <measure number="0">
      <attributes>
        <divisions>10080</divisions>
      </attributes>
      <note>
        <pitch>
          <step>E</step>
          <octave>5</octave>
        </pitch>
        <duration>5040</duration>
        <type>eighth</type>
        <notations />
      </note>
      <note>
        <pitch>
          <step>A</step>
          <alter>1</alter>
          <octave>5</octave>
        </pitch>
        <duration>10080</duration>
        <type>quarter</type>
        <accidental>sharp</accidental>
        <notations />
      </note>
      <note>
        <pitch>
          <step>D</step>
          <alter>1</alter>
          <octave>5</octave>
        </pitch>
        <duration>10080</duration>
        <type>quarter</type>
        <accidental>sharp</accidental>
        <notations />
      </note>
      <note>
        <pitch>
          <step>G</step>
          <alter>-1</alter>
          <octave>4</octave>
        </pitch>
        <duration>5040</duration>
        <type>eighth</type>
        <accidental>flat</accidental>
        <notations />
      </note>
    </measure>
    <measure number="0">
      <attributes>
        <divisions>10080</divisions>
      </attributes>
      <note>
        <pitch>
          <step>A</step>
          <alter>1</alter>
          <octave>5</octave>
        </pitch>
        <duration>2520</duration>
        <type>16th</type>
        <accidental>sharp</accidental>
        <notations />
      </note>
      <note>
        <pitch>
          <step>A</step>
          <alter>-1</alter>
          <octave>3</octave>
        </pitch>
        <duration>20160</duration>
        <tie type="start" />
        <type>half</type>
        <accidental>flat</accidental>
        <notations>
          <tied type="start" />
        </notations>
      </note>
      <note>
        <pitch>
          <step>A</step>
          <alter>-1</alter>
          <octave>3</octave>
        </pitch>
        <duration>7560</duration>
        <tie type="stop" />
        <type>eighth</type>
        <dot />
        <accidental>flat</accidental>
        <notations>
          <tied type="stop" />
        </notations>
      </note>
    </measure>
    <measure number="0">
      <attributes>
        <divisions>10080</divisions>
      </attributes>
      <note>
        <pitch>
          <step>G</step>
          <octave>3</octave>
        </pitch>
        <duration>30240</duration>
        <type>half</type>
        <dot />
        <notations />
      </note>
    </measure>
    <measure number="0">
      <attributes>
        <divisions>10080</divisions>
      </attributes>
      <note>
        <pitch>
          <step>E</step>
          <octave>4</octave>
        </pitch>
        <duration>30240</duration>
        <type>half</type>
        <dot />
        <notations />
      </note>
    </measure>
    <measure number="0">
      <attributes>
        <divisions>10080</divisions>
      </attributes>
      <note>
        <pitch>
          <step>D</step>
          <alter>-1</alter>
          <octave>3</octave>
        </pitch>
        <duration>30240</duration>
        <type>half</type>
        <dot />
        <accidental>flat</accidental>
        <notations />
      </note>
    </measure>
    <measure number="0">
      <attributes>
        <divisions>10080</divisions>
      </attributes>
      <note>
        <pitch>
          <step>A</step>
          <alter>-1</alter>
          <octave>3</octave>
        </pitch>
        <duration>10080</duration>
        <type>quarter</type>
        <accidental>flat</accidental>
        <notations />
      </note>
      <note>
        <pitch>
          <step>E</step>
          <octave>5</octave>
        </pitch>
        <duration>5040</duration>
        <type>eighth</type>
        <notations />
      </note>
      <note>
        <pitch>
          <step>D</step>
          <alter>0</alter>
          <octave>3</octave>
        </pitch>
        <duration>10080</duration>
        <type>quarter</type>
        <accidental>natural</accidental>
        <notations />
      </note>
      <note>
        <pitch>
          <step>G</step>
          <alter>1</alter>
          <octave>5</octave>
        </pitch>
        <duration>5040</duration>
        <type>eighth</type>
        <accidental>sharp</accidental>
        <notations />
      </note>
    </measure>
    <measure number="0">
      <attributes>
        <divisions>10080</divisions>
      </attributes>
      <note>
        <pitch>
          <step>G</step>
          <alter>0</alter>
          <octave>5</octave>
        </pitch>
        <duration>20160</duration>
        <type>half</type>
        <accidental>natural</accidental>
        <notations />
      </note>
      <note>
        <pitch>
          <step>D</step>
          <octave>4</octave>
        </pitch>
        <duration>10080</duration>
        <type>quarter</type>
        <notations />
      </note>
    </measure>
    <measure number="0">
      <attributes>
        <divisions>10080</divisions>
      </attributes>
      <note>
        <pitch>
          <step>D</step>
          <alter>1</alter>
          <octave>4</octave>
        </pitch>
        <duration>2520</duration>
        <type>16th</type>
        <accidental>sharp</accidental>
        <notations />
      </note>
      <note>
        <pitch>
          <step>A</step>
          <octave>4</octave>
        </pitch>
        <duration>20160</duration>
        <tie type="start" />
        <type>half</type>
        <notations>
          <tied type="start" />
        </notations>
      </note>
      <note>
        <pitch>
          <step>A</step>
          <octave>4</octave>
        </pitch>
        <duration>7560</duration>
        <tie type="stop" />
        <type>eighth</type>
        <dot />
        <notations>
          <tied type="stop" />
        </notations>
      </note>
    </measure>
    <measure number="0">
      <attributes>
        <divisions>10080</divisions>
      </attributes>
      <note>
        <pitch>
          <step>C</step>
          <octave>4</octave>
        </pitch>
        <duration>2520</duration>
        <type>16th</type>
        <notations />
      </note>
      <note>
        <pitch>
          <step>B</step>
          <alter>-1</alter>
          <octave>5</octave>
        </pitch>
        <duration>2520</duration>
        <type>16th</type>
        <accidental>flat</accidental>
        <notations />
      </note>
      <note>
        <pitch>
          <step>B</step>
          <alter>0</alter>
          <octave>4</octave>
        </pitch>
        <duration>20160</duration>
        <type>half</type>
        <accidental>natural</accidental>
        <notations />
      </note>
      <note>
        <pitch>
          <step>C</step>
          <octave>4</octave>
        </pitch>
        <duration>5040</duration>
        <type>eighth</type>
        <notations />
      </note>
    </measure>
    <measure number="0">
      <attributes>
        <divisions>10080</divisions>
      </attributes>
      <note>
        <pitch>
          <step>G</step>
          <octave>5</octave>
        </pitch>
        <duration>2520</duration>
        <type>16th</type>
        <notations />
      </note>
      <note>
        <pitch>
          <step>D</step>
          <octave>3</octave>
        </pitch>
        <duration>2520</duration>
        <type>16th</type>
        <notations />
      </note>
      <note>
        <pitch>
          <step>C</step>
          <octave>3</octave>
        </pitch>
        <duration>2520</duration>
        <type>16th</type>
        <notations />
      </note>
      <note>
        <pitch>
          <step>G</step>
          <alter>-1</alter>
          <octave>5</octave>
        </pitch>
        <duration>20160</duration>
        <tie type="start" />
        <type>half</type>
        <accidental>flat</accidental>
        <notations>
          <tied type="start" />
        </notations>
      </note>
      <note>
        <pitch>
          <step>G</step>
          <alter>-1</alter>
          <octave>5</octave>
        </pitch>
        <duration>2520</duration>
        <tie type="stop" />
        <type>16th</type>
        <accidental>flat</accidental>
        <notations>
          <tied type="stop" />
        </notations>
      </note>
    </measure>
    <measure number="0">
      <attributes>
        <divisions>10080</divisions>
      </attributes>
      <note>
        <pitch>
          <step>D</step>
          <alter>1</alter>
          <octave>4</octave>
        </pitch>
        <duration>10080</duration>
        <type>quarter</type>
        <accidental>sharp</accidental>
        <notations />
      </note>
      <note>
        <pitch>
          <step>G</step>
          <alter>0</alter>
          <octave>5</octave>
        </pitch>
        <duration>10080</duration>
        <type>quarter</type>
        <accidental>natural</accidental>
        <notations />
      </note>
      <note>
        <pitch>
          <step>F</step>
          <octave>4</octave>
        </pitch>
        <duration>10080</duration>
        <type>quarter</type>
        <notations />
      </note>
    </measure>
    <measure number="0">
      <attributes>
        <divisions>10080</divisions>
      </attributes>
      <note>
        <pitch>
          <step>A</step>
          <alter>1</alter>
          <octave>4</octave>
        </pitch>
        <duration>30240</duration>
        <type>half</type>
        <dot />
        <accidental>sharp</accidental>
        <notations />
      </note>
    </measure>
    <measure number="0">
      <attributes>
        <divisions>10080</divisions>
      </attributes>
      <note>
        <pitch>
          <step>E</step>
          <octave>4</octave>
        </pitch>
        <duration>5040</duration>
        <type>eighth</type>
        <notations />
      </note>
      <note>
        <pitch>
          <step>B</step>
          <alter>-1</alter>
          <octave>5</octave>
        </pitch>
        <duration>20160</duration>
        <tie type="start" />
        <type>half</type>
        <accidental>flat</accidental>
        <notations>
          <tied type="start" />
        </notations>
      </note>
      <note>
        <pitch>
          <step>B</step>
          <alter>-1</alter>
          <octave>5</octave>
        </pitch>
        <duration>5040</duration>
        <tie type="stop" />
        <type>eighth</type>
        <accidental>flat</accidental>
        <notations>
          <tied type="stop" />
        </notations>
      </note>
    </measure>
    <measure number="0">
      <attributes>
        <divisions>10080</divisions>
      </attributes>
      <note>
        <pitch>
          <step>C</step>
          <octave>5</octave>
        </pitch>
        <duration>10080</duration>
        <type>quarter</type>
        <notations />
      </note>
      <note>
        <pitch>
          <step>G</step>
          <alter>-1</alter>
          <octave>5</octave>
        </pitch>
        <duration>10080</duration>
        <type>quarter</type>
        <accidental>flat</accidental>
        <notations />
      </note>
    </measure>
  </part>
  <part id="Tenor">
    <measure number="0">
      <attributes>
        <divisions>10080</divisions>
      </attributes>
      <note>
        <pitch>
          <step>D</step>
          <alter>1</alter>
          <octave>5</octave>
        </pitch>
        <duration>10080</duration>
        <type>quarter</type>
        <accidental>sharp</accidental>
        <notations />
      </note>
    </measure>
    <measure number="0">
      <attributes>
        <divisions>10080</divisions>
      </attributes>
      <note>
        <pitch>
          <step>D</step>
          <alter>1</alter>
          <octave>5</octave>
        </pitch>
        <duration>30240</duration>
        <type>half</type>
        <dot />
        <accidental>sharp</accidental>
        <notations />
      </note>
    </measure>
    <measure number="0">
      <attributes>
        <divisions>10080</divisions>
      </attributes>
      <note>
        <pitch>
          <step>C</step>
          <alter>1</alter>
          <octave>5</octave>
        </pitch>
        <duration>30240</duration>
        <type>half</type>
        <dot />
        <accidental>sharp</accidental>
        <notations />
      </note>
    </measure>
    <measure number="0">
      <attributes>
        <divisions>10080</divisions>
      </attributes>
      <note>
        <pitch>
          <step>G</step>
          <alter>-1</alter>
          <octave>4</octave>
        </pitch>
        <duration>30240</duration>
        <type>half</type>
        <dot />
        <accidental>flat</accidental>
        <notations />
      </note>
    </measure>
    <measure number="0">
      <attributes>
        <divisions>10080</divisions>
      </attributes>
      <note>
        <pitch>
          <step>D</step>
          <alter>1</alter>
          <octave>4</octave>
        </pitch>
        <duration>5040</duration>
        <type>eighth</type>
        <accidental>sharp</accidental>
        <notations />
      </note>
      <note>
        <pitch>
          <step>D</step>
          <alter>0</alter>
          <octave>3</octave>
        </pitch>
        <duration>10080</duration>
        <type>quarter</type>
        <accidental>natural</accidental>
        <notations />
      </note>
      <note>
        <pitch>
          <step>G</step>
          <alter>1</alter>
          <octave>3</octave>
        </pitch>
        <duration>10080</duration>
        <type>quarter</type>
        <accidental>sharp</accidental>
        <notations />
      </note>
      <note>
        <pitch>
          <step>D</step>
          <octave>3</octave>
        </pitch>
        <duration>2520</duration>
        <type>16th</type>
        <notations />
      </note>
      <note>
        <pitch>
          <step>B</step>
          <alter>-1</alter>
          <octave>3</octave>
        </pitch>
        <duration>2520</duration>
        <type>16th</type>
        <accidental>flat</accidental>
        <notations />
      </note>
    </measure>
    <measure number="0">
      <attributes>
        <divisions>10080</divisions>
      </attributes>
      <note>
        <pitch>
          <step>C</step>
          <octave>4</octave>
        </pitch>
        <duration>10080</duration>
        <type>quarter</type>
        <notations />
      </note>
      <note>
        <pitch>
          <step>B</step>
          <alter>0</alter>
          <octave>3</octave>
        </pitch>
        <duration>10080</duration>
        <type>quarter</type>
        <accidental>natural</accidental>
        <notations />
      </note>
      <note>
        <pitch>
          <step>F</step>
          <octave>4</octave>
        </pitch>
        <duration>10080</duration>
        <type>quarter</type>
        <notations />
      </note>
    </measure>
    <measure number="0">
      <attributes>
        <divisions>10080</divisions>
      </attributes>
      <note>
        <pitch>
          <step>B</step>
          <alter>-1</alter>
          <octave>3</octave>
        </pitch>
        <duration>30240</duration>
        <type>half</type>
        <dot />
        <accidental>flat</accidental>
        <notations />
      </note>
    </measure>
    <measure number="0">
      <attributes>
        <divisions>10080</divisions>
      </attributes>
      <note>
        <pitch>
          <step>G</step>
          <octave>4</octave>
        </pitch>
        <duration>10080</duration>
        <type>quarter</type>
        <notations />
      </note>
      <note>
        <pitch>
          <step>D</step>
          <alter>-1</alter>
          <octave>5</octave>
        </pitch>
        <duration>5040</duration>
        <type>eighth</type>
        <accidental>flat</accidental>
        <notations />
      </note>
      <note>
        <pitch>
          <step>B</step>
          <alter>0</alter>
          <octave>4</octave>
        </pitch>
        <duration>15120</duration>
        <type>quarter</type>
        <dot />
        <accidental>natural</accidental>
        <notations />
      </note>
    </measure>
    <measure number="0">
      <attributes>
        <divisions>10080</divisions>
      </attributes>
      <note>
        <pitch>
          <step>E</step>
          <octave>3</octave>
        </pitch>
        <duration>20160</duration>
        <type>half</type>
        <notations />
      </note>
      <note>
        <pitch>
          <step>G</step>
          <alter>-1</alter>
          <octave>3</octave>
        </pitch>
        <duration>5040</duration>
        <type>eighth</type>
        <accidental>flat</accidental>
        <notations />
      </note>
      <note>
        <pitch>
          <step>C</step>
          <alter>1</alter>
          <octave>3</octave>
        </pitch>
        <duration>5040</duration>
        <type>eighth</type>
        <accidental>sharp</accidental>
        <notations />
      </note>
    </measure>
    <measure number="0">
      <attributes>
        <divisions>10080</divisions>
      </attributes>
      <note>
        <pitch>
          <step>G</step>
          <alter>-1</alter>
          <octave>3</octave>
        </pitch>
        <duration>2520</duration>
        <type>16th</type>
        <accidental>flat</accidental>
        <notations />
      </note>
      <note>
        <pitch>
          <step>C</step>
          <alter>1</alter>
          <octave>3</octave>
        </pitch>
        <duration>5040</duration>
        <type>eighth</type>
        <accidental>sharp</accidental>
        <notations />
      </note>
      <note>
        <pitch>
          <step>C</step>
          <alter>0</alter>
          <octave>3</octave>
        </pitch>
        <duration>2520</duration>
        <type>16th</type>
        <accidental>natural</accidental>
        <notations />
      </note>
      <note>
        <pitch>
          <step>F</step>
          <alter>1</alter>
          <octave>3</octave>
        </pitch>
        <duration>20160</duration>
        <type>half</type>
        <accidental>sharp</accidental>
        <notations />
      </note>
    </measure>
    <measure number="0">
      <attributes>
        <divisions>10080</divisions>
      </attributes>
      <note>
        <pitch>
          <step>F</step>
          <alter>0</alter>
          <octave>5</octave>
        </pitch>
        <duration>20160</duration>
        <type>half</type>
        <accidental>natural</accidental>
        <notations />
      </note>
      <note>
        <pitch>
          <step>G</step>
          <alter>1</alter>
          <octave>4</octave>
        </pitch>
        <duration>10080</duration>
        <type>quarter</type>
        <accidental>sharp</accidental>
        <notations />
      </note>
    </measure>
    <measure number="0">
      <attributes>
        <divisions>10080</divisions>
      </attributes>
      <note>
        <pitch>
          <step>F</step>
          <alter>1</alter>
          <octave>4</octave>
        </pitch>
        <duration>2520</duration>
        <type>16th</type>
        <accidental>sharp</accidental>
        <notations />
      </note>
      <note>
        <pitch>
          <step>B</step>
          <octave>4</octave>
        </pitch>
        <duration>5040</duration>
        <type>eighth</type>
        <notations />
      </note>
      <note>
        <pitch>
          <step>G</step>
          <alter>1</alter>
          <octave>3</octave>
        </pitch>
        <duration>5040</duration>
        <type>eighth</type>
        <accidental>sharp</accidental>
        <notations />
      </note>
      <note>
        <pitch>
          <step>D</step>
          <octave>4</octave>
        </pitch>
        <duration>2520</duration>
        <type>16th</type>
        <notations />
      </note>
      <note>
        <pitch>
          <step>E</step>
          <alter>-1</alter>
          <octave>3</octave>
        </pitch>
        <duration>2520</duration>
        <type>16th</type>
        <accidental>flat</accidental>
        <notations />
      </note>
      <note>
        <pitch>
          <step>F</step>
          <alter>0</alter>
          <octave>5</octave>
        </pitch>
        <duration>10080</duration>
        <tie type="start" />
        <type>quarter</type>
        <accidental>natural</accidental>
        <notations>
          <tied type="start" />
        </notations>
      </note>
      <note>
        <pitch>
          <step>F</step>
          <alter>0</alter>
          <octave>5</octave>
        </pitch>
        <duration>2520</duration>
        <tie type="stop" />
        <type>16th</type>
        <accidental>natural</accidental>
        <notations>
          <tied type="stop" />
        </notations>
      </note>
    </measure>
    <measure number="0">
      <attributes>
        <divisions>10080</divisions>
      </attributes>
      <note>
        <pitch>
          <step>E</step>
          <alter>0</alter>
          <octave>4</octave>
        </pitch>
        <duration>2520</duration>
        <type>16th</type>
        <accidental>natural</accidental>
        <notations />
      </note>
      <note>
        <pitch>
          <step>A</step>
          <alter>1</alter>
          <octave>3</octave>
        </pitch>
        <duration>5040</duration>
        <type>eighth</type>
        <accidental>sharp</accidental>
        <notations />
      </note>
      <note>
        <pitch>
          <step>G</step>
          <alter>1</alter>
          <octave>3</octave>
        </pitch>
        <duration>20160</duration>
        <type>half</type>
        <accidental>sharp</accidental>
        <notations />
      </note>
      <note>
        <pitch>
          <step>F</step>
          <alter>1</alter>
          <octave>3</octave>
        </pitch>
        <duration>2520</duration>
        <type>16th</type>
        <accidental>sharp</accidental>
        <notations />
      </note>
    </measure>
    <measure number="0">
      <attributes>
        <divisions>10080</divisions>
      </attributes>
      <note>
        <pitch>
          <step>B</step>
          <octave>3</octave>
        </pitch>
        <duration>10080</duration>
        <type>quarter</type>
        <notations />
      </note>
      <note>
        <pitch>
          <step>E</step>
          <octave>4</octave>
        </pitch>
        <duration>10080</duration>
        <type>quarter</type>
        <notations />
      </note>
      <note>
        <pitch>
          <step>D</step>
          <alter>-1</alter>
          <octave>5</octave>
        </pitch>
        <duration>10080</duration>
        <type>quarter</type>
        <accidental>flat</accidental>
        <notations />
      </note>
    </measure>
    <measure number="0">
      <attributes>
        <divisions>10080</divisions>
      </attributes>
      <note>
        <pitch>
          <step>D</step>
          <alter>1</alter>
          <octave>3</octave>
        </pitch>
        <duration>2520</duration>
        <type>16th</type>
        <accidental>sharp</accidental>
        <notations />
      </note>
      <note>
        <pitch>
          <step>B</step>
          <alter>-1</alter>
          <octave>3</octave>
        </pitch>
        <duration>5040</duration>
        <type>eighth</type>
        <accidental>flat</accidental>
        <notations />
      </note>
      <note>
        <pitch>
          <step>G</step>
          <alter>-1</alter>
          <octave>3</octave>
        </pitch>
        <duration>20160</duration>
        <type>half</type>
        <accidental>flat</accidental>
        <notations />
      </note>
      <note>
        <pitch>
          <step>G</step>
          <alter>1</alter>
          <octave>4</octave>
        </pitch>
        <duration>2520</duration>
        <type>16th</type>
        <accidental>sharp</accidental>
        <notations />
      </note>
    </measure>
    <measure number="0">
      <attributes>
        <divisions>10080</divisions>
      </attributes>
      <note>
        <pitch>
          <step>D</step>
          <alter>1</alter>
          <octave>4</octave>
        </pitch>
        <duration>10080</duration>
        <type>quarter</type>
        <accidental>sharp</accidental>
        <notations />
      </note>
      <note>
        <pitch>
          <step>C</step>
          <alter>1</alter>
          <octave>5</octave>
        </pitch>
        <duration>2520</duration>
        <type>16th</type>
        <accidental>sharp</accidental>
        <notations />
      </note>
      <note>
        <pitch>
          <step>A</step>
          <alter>1</alter>
          <octave>3</octave>
        </pitch>
        <duration>10080</duration>
        <type>quarter</type>
        <accidental>sharp</accidental>
        <notations />
      </note>
      <note>
        <pitch>
          <step>E</step>
          <alter>-1</alter>
          <octave>5</octave>
        </pitch>
        <duration>7560</duration>
        <type>eighth</type>
        <dot />
        <accidental>flat</accidental>
        <notations />
      </note>
    </measure>
    <measure number="0">
      <attributes>
        <divisions>10080</divisions>
      </attributes>
      <note>
        <pitch>
          <step>D</step>
          <alter>1</alter>
          <octave>3</octave>
        </pitch>
        <duration>10080</duration>
        <type>quarter</type>
        <accidental>sharp</accidental>
        <notations />
      </note>
      <note>
        <pitch>
          <step>B</step>
          <octave>4</octave>
        </pitch>
        <duration>2520</duration>
        <type>16th</type>
        <notations />
      </note>
      <note>
        <pitch>
          <step>D</step>
          <alter>-1</alter>
          <octave>5</octave>
        </pitch>
        <duration>7560</duration>
        <type>eighth</type>
        <dot />
        <accidental>flat</accidental>
        <notations />
      </note>
    </measure>
  </part>
  <part id="Bass">
    <measure number="0">
      <attributes>
        <divisions>10080</divisions>
      </attributes>
      <note>
        <pitch>
          <step>G</step>
          <alter>-1</alter>
          <octave>4</octave>
        </pitch>
        <duration>10080</duration>
        <type>quarter</type>
        <accidental>flat</accidental>
        <notations />
      </note>
    </measure>
    <measure number="0">
      <attributes>
        <divisions>10080</divisions>
      </attributes>
      <note>
        <pitch>
          <step>E</step>
          <octave>2</octave>
        </pitch>
        <duration>10080</duration>
        <type>quarter</type>
        <notations />
      </note>
      <note>
        <pitch>
          <step>E</step>
          <alter>-1</alter>
          <octave>4</octave>
        </pitch>
        <duration>5040</duration>
        <type>eighth</type>
        <accidental>flat</accidental>
        <notations />
      </note>
      <note>
        <pitch>
          <step>G</step>
          <alter>-1</alter>
          <octave>3</octave>
        </pitch>
        <duration>5040</duration>
        <type>eighth</type>
        <accidental>flat</accidental>
        <notations />
      </note>
      <note>
        <pitch>
          <step>G</step>
          <alter>1</alter>
          <octave>3</octave>
        </pitch>
        <duration>10080</duration>
        <type>quarter</type>
        <accidental>sharp</accidental>
        <notations />
      </note>
    </measure>
    <measure number="0">
      <attributes>
        <divisions>10080</divisions>
      </attributes>
      <note>
        <pitch>
          <step>E</step>
          <alter>-1</alter>
          <octave>4</octave>
        </pitch>
        <duration>10080</duration>
        <type>quarter</type>
        <accidental>flat</accidental>
        <notations />
      </note>
      <note>
        <pitch>
          <step>B</step>
          <octave>4</octave>
        </pitch>
        <duration>20160</duration>
        <type>half</type>
        <notations />
      </note>
    </measure>
    <measure number="0">
      <attributes>
        <divisions>10080</divisions>
      </attributes>
      <note>
        <pitch>
          <step>G</step>
          <alter>-1</alter>
          <octave>3</octave>
        </pitch>
        <duration>20160</duration>
        <type>half</type>
        <accidental>flat</accidental>
        <notations />
      </note>
      <note>
        <pitch>
          <step>A</step>
          <alter>1</alter>
          <octave>2</octave>
        </pitch>
        <duration>10080</duration>
        <type>quarter</type>
        <accidental>sharp</accidental>
        <notations />
      </note>
    </measure>
    <measure number="0">
      <attributes>
        <divisions>10080</divisions>
      </attributes>
      <note>
        <pitch>
          <step>A</step>
          <alter>-1</alter>
          <octave>2</octave>
        </pitch>
        <duration>30240</duration>
        <type>half</type>
        <dot />
        <accidental>flat</accidental>
        <notations />
      </note>
    </measure>
    <measure number="0">
      <attributes>
        <divisions>10080</divisions>
      </attributes>
      <note>
        <pitch>
          <step>D</step>
          <alter>1</alter>
          <octave>2</octave>
        </pitch>
        <duration>30240</duration>
        <type>half</type>
        <dot />
        <accidental>sharp</accidental>
        <notations />
      </note>
    </measure>
    <measure number="0">
      <attributes>
        <divisions>10080</divisions>
      </attributes>
      <note>
        <pitch>
          <step>D</step>
          <alter>-1</alter>
          <octave>4</octave>
        </pitch>
        <duration>2520</duration>
        <type>16th</type>
        <accidental>flat</accidental>
        <notations />
      </note>
      <note>
        <pitch>
          <step>C</step>
          <octave>3</octave>
        </pitch>
        <duration>5040</duration>
        <type>eighth</type>
        <notations />
      </note>
      <note>
        <pitch>
          <step>B</step>
          <alter>-1</alter>
          <octave>3</octave>
        </pitch>
        <duration>20160</duration>
        <tie type="start" />
        <type>half</type>
        <accidental>flat</accidental>
        <notations>
          <tied type="start" />
        </notations>
      </note>
      <note>
        <pitch>
          <step>B</step>
          <alter>-1</alter>
          <octave>3</octave>
        </pitch>
        <duration>2520</duration>
        <tie type="stop" />
        <type>16th</type>
        <accidental>flat</accidental>
        <notations>
          <tied type="stop" />
        </notations>
      </note>
    </measure>
    <measure number="0">
      <attributes>
        <divisions>10080</divisions>
      </attributes>
      <note>
        <pitch>
          <step>G</step>
          <alter>1</alter>
          <octave>3</octave>
        </pitch>
        <duration>10080</duration>
        <type>quarter</type>
        <accidental>sharp</accidental>
        <notations />
      </note>
      <note>
        <pitch>
          <step>E</step>
          <alter>-1</alter>
          <octave>3</octave>
        </pitch>
        <duration>2520</duration>
        <type>16th</type>
        <accidental>flat</accidental>
        <notations />
      </note>
      <note>
        <pitch>
          <step>G</step>
          <alter>0</alter>
          <octave>2</octave>
        </pitch>
        <duration>5040</duration>
        <type>eighth</type>
        <accidental>natural</accidental>
        <notations />
      </note>
      <note>
        <pitch>
          <step>G</step>
          <alter>1</alter>
          <octave>3</octave>
        </pitch>
        <duration>10080</duration>
        <tie type="start" />
        <type>quarter</type>
        <accidental>sharp</accidental>
        <notations>
          <tied type="start" />
        </notations>
      </note>
      <note>
        <pitch>
          <step>G</step>
          <alter>1</alter>
          <octave>3</octave>
        </pitch>
        <duration>2520</duration>
        <tie type="stop" />
        <type>16th</type>
        <accidental>sharp</accidental>
        <notations>
          <tied type="stop" />
        </notations>
      </note>
    </measure>
    <measure number="0">
      <attributes>
        <divisions>10080</divisions>
      </attributes>
      <note>
        <pitch>
          <step>G</step>
          <alter>0</alter>
          <octave>4</octave>
        </pitch>
        <duration>20160</duration>
        <type>half</type>
        <accidental>natural</accidental>
        <notations />
      </note>
      <note>
        <pitch>
          <step>E</step>
          <alter>-1</alter>
          <octave>3</octave>
        </pitch>
        <duration>2520</duration>
        <type>16th</type>
        <accidental>flat</accidental>
        <notations />
      </note>
      <note>
        <pitch>
          <step>F</step>
          <octave>4</octave>
        </pitch>
        <duration>7560</duration>
        <type>eighth</type>
        <dot />
        <notations />
      </note>
    </measure>
    <measure number="0">
      <attributes>
        <divisions>10080</divisions>
      </attributes>
      <note>
        <pitch>
          <step>D</step>
          <alter>-1</alter>
          <octave>2</octave>
        </pitch>
        <duration>20160</duration>
        <type>half</type>
        <accidental>flat</accidental>
        <notations />
      </note>
      <note>
        <pitch>
          <step>E</step>
          <alter>0</alter>
          <octave>2</octave>
        </pitch>
        <duration>5040</duration>
        <type>eighth</type>
        <accidental>natural</accidental>
        <notations />
      </note>
      <note>
        <pitch>
          <step>B</step>
          <octave>4</octave>
        </pitch>
        <duration>5040</duration>
        <type>eighth</type>
        <notations />
      </note>
    </measure>
    <measure number="0">
      <attributes>
        <divisions>10080</divisions>
      </attributes>
      <note>
        <pitch>
          <step>E</step>
          <octave>3</octave>
        </pitch>
        <duration>30240</duration>
        <type>half</type>
        <dot />
        <notations />
      </note>
    </measure>
    <measure number="0">
      <attributes>
        <divisions>10080</divisions>
      </attributes>
      <note>
        <pitch>
          <step>D</step>
          <alter>-1</alter>
          <octave>4</octave>
        </pitch>
        <duration>10080</duration>
        <type>quarter</type>
        <accidental>flat</accidental>
        <notations />
      </note>
      <note>
        <pitch>
          <step>G</step>
          <alter>1</alter>
          <octave>2</octave>
        </pitch>
        <duration>2520</duration>
        <type>16th</type>
        <accidental>sharp</accidental>
        <notations />
      </note>
      <note>
        <pitch>
          <step>E</step>
          <octave>3</octave>
        </pitch>
        <duration>10080</duration>
        <type>quarter</type>
        <notations />
      </note>
      <note>
        <pitch>
          <step>E</step>
          <alter>-1</alter>
          <octave>2</octave>
        </pitch>
        <duration>7560</duration>
        <type>eighth</type>
        <dot />
        <accidental>flat</accidental>
        <notations />
      </note>
    </measure>
    <measure number="0">
      <attributes>
        <divisions>10080</divisions>
      </attributes>
      <note>
        <pitch>
          <step>C</step>
          <alter>1</alter>
          <octave>4</octave>
        </pitch>
        <duration>30240</duration>
        <type>half</type>
        <dot />
        <accidental>sharp</accidental>
        <notations />
      </note>
    </measure>
    <measure number="0">
      <attributes>
        <divisions>10080</divisions>
      </attributes>
      <note>
        <pitch>
          <step>E</step>
          <octave>3</octave>
        </pitch>
        <duration>20160</duration>
        <type>half</type>
        <notations />
      </note>
      <note>
        <pitch>
          <step>G</step>
          <alter>-1</alter>
          <octave>4</octave>
        </pitch>
        <duration>10080</duration>
        <type>quarter</type>
        <accidental>flat</accidental>
        <notations />
      </note>
    </measure>
    <measure number="0">
      <attributes>
        <divisions>10080</divisions>
      </attributes>
      <note>
        <pitch>
          <step>D</step>
          <octave>4</octave>
        </pitch>
        <duration>2520</duration>
        <type>16th</type>
        <notations />
      </note>
      <note>
        <pitch>
          <step>D</step>
          <octave>2</octave>
        </pitch>
        <duration>2520</duration>
        <type>16th</type>
        <notations />
      </note>
      <note>
        <pitch>
          <step>A</step>
          <octave>2</octave>
        </pitch>
        <duration>10080</duration>
        <type>quarter</type>
        <notations />
      </note>
      <note>
        <pitch>
          <step>G</step>
          <alter>0</alter>
          <octave>4</octave>
        </pitch>
        <duration>15120</duration>
        <type>quarter</type>
        <dot />
        <accidental>natural</accidental>
        <notations />
      </note>
    </measure>
    <measure number="0">
      <attributes>
        <divisions>10080</divisions>
      </attributes>
      <note>
        <pitch>
          <step>G</step>
          <octave>2</octave>
        </pitch>
        <duration>20160</duration>
        <type>half</type>
        <notations />
      </note>
      <note>
        <pitch>
          <step>G</step>
          <alter>-1</alter>
          <octave>4</octave>
        </pitch>
        <duration>10080</duration>
        <type>quarter</type>
        <accidental>flat</accidental>
        <notations />
      </note>
    </measure>
    <measure number="0">
      <attributes>
        <divisions>10080</divisions>
      </attributes>
      <note>
        <pitch>
          <step>E</step>
          <alter>-1</alter>
          <octave>3</octave>
        </pitch>
        <duration>2520</duration>
        <type>16th</type>
        <accidental>flat</accidental>
        <notations />
      </note>
      <note>
        <pitch>
          <step>C</step>
          <alter>1</alter>
          <octave>4</octave>
        </pitch>
        <duration>5040</duration>
        <type>eighth</type>
        <accidental>sharp</accidental>
        <notations />
      </note>
      <note>
        <pitch>
          <step>F</step>
          <alter>1</alter>
          <octave>3</octave>
        </pitch>
        <duration>10080</duration>
        <tie type="start" />
        <type>quarter</type>
        <accidental>sharp</accidental>
        <notations>
          <tied type="start" />
        </notations>
      </note>
      <note>
        <pitch>
          <step>F</step>
          <alter>1</alter>
          <octave>3</octave>
        </pitch>
        <duration>2520</duration>
        <tie type="stop" />
        <type>16th</type>
        <accidental>sharp</accidental>
        <notations>
          <tied type="stop" />
        </notations>
      </note>
    </measure>
  </part>
</score-partwise>