<score-partwise>
  <movement-title>Music21 Fragment</movement-title>
  <identification>
    <creator type="composer">Music21</creator>
  </identification>
  <defaults>
    <scaling>
      <millimeters>7</millimeters>
      <tenths>40</tenths>
    </scaling>
  </defaults>
  <part-list>
    <score-part id="Soprano">
      <part-name>Soprano</part-name>
      <score-instrument id="I2e8835a996c68ec5c7051487723dd8ed">
        <instrument-name>Instrument 1</instrument-name>
      </score-instrument>
      <midi-instrument id="I2e8835a996c68ec5c7051487723dd8ed">
        <midi-channel>1</midi-channel>
        <midi-program>1</midi-program>
      </midi-instrument>
    </score-part>
    <score-part id="Alto">
      <part-name />
    </score-part>
    <score-part id="Tenor">
      <part-name />
    </score-part>
    <score-part id="Bass">
      <part-name />
    </score-part>
  </part-list>
  <part id="Soprano">
    <measure number="0" width="189">
      <print>
        <staff-layout number="1">
          <staff-distance>72.0</staff-distance>
        </staff-layout>
      </print>
      <attributes>
        <divisions>10080</divisions>
        <key>
          <fifths>-1</fifths>
          <mode>major</mode>
        </key>
        <time>
          <beats>4</beats>
          <beat-type>4</beat-type>
        </time>
        <clef>
          <sign>G</sign>
          <line>2</line>
        </clef>
      </attributes>
      <note>
        <pitch>
          <step>F</step>
          <octave>4</octave>
        </pitch>
        <duration>10080</duration>
        <type>quarter</type>
        <stem>up</stem>
        <notations />
      </note>
    </measure>
    <measure number="1" width="356">
      <attributes>
        <divisions>10080</divisions>
      </attributes>
      <note>
        <pitch>
          <step>C</step>
          <octave>5</octave>
        </pitch>
        <duration>10080</duration>
        <type>quarter</type>
        <stem>down</stem>
        <notations />
      </note>
      <note>
        <pitch>
          <step>A</step>
          <octave>4</octave>
        </pitch>
        <duration>10080</duration>
        <type>quarter</type>
        <stem>up</stem>
        <notations />
      </note>
      <note>
        <pitch>
          <step>F</step>
          <octave>4</octave>
        </pitch>
        <duration>10080</duration>
        <type>quarter</type>
        <stem>up</stem>
        <notations />
      </note>
      <note>
        <pitch>
          <step>C</step>
          <octave>5</octave>
        </pitch>
        <duration>10080</duration>
        <type>quarter</type>
        <stem>down</stem>
        <notations />
      </note>
    </measure>
    <measure number="2" width="376">
      <attributes>
        <divisions>10080</divisions>
      </attributes>
      <note>
        <pitch>
          <step>D</step>
          <octave>5</octave>
        </pitch>
        <duration>10080</duration>
        <type>quarter</type>
        <stem>down</stem>
        <notations />
      </note>
      <note>
        <pitch>
          <step>D</step>
          <octave>5</octave>
        </pitch>
        <duration>10080</duration>
        <type>quarter</type>
        <stem>down</stem>
        <notations />
      </note>
      <note>
        <pitch>
          <step>C</step>
          <octave>5</octave>
        </pitch>
        <duration>10080</duration>
        <type>quarter</type>
        <stem>down</stem>
        <notations />
      </note>
      <note>
        <pitch>
          <step>C</step>
          <octave>5</octave>
        </pitch>
        <duration>10080</duration>
        <type>quarter</type>
        <stem>down</stem>
        <notations />
      </note>
    </measure>
    <measure number="3" width="407">
      <attributes>
        <divisions>10080</divisions>
      </attributes>
      <note>
        <pitch>
          <step>D</step>
          <octave>5</octave>
        </pitch>
        <duration>10080</duration>
        <type>quarter</type>
        <stem>down</stem>
        <notations />
      </note>
      <note>
        <pitch>
          <step>E</step>
          <octave>5</octave>
        </pitch>
        <duration>10080</duration>
        <type>quarter</type>
        <stem>down</stem>
        <notations />
      </note>
      <note>
        <pitch>
          <step>F</step>
          <octave>5</octave>
        </pitch>
        <duration>10080</duration>
        <type>quarter</type>
        <stem>down</stem>
        <notations />
      </note>
      <note>
        <pitch>
          <step>E</step>
          <octave>5</octave>
        </pitch>
        <duration>10080</duration>
        <type>quarter</type>
        <stem>down</stem>
        <notations />
      </note>
    </measure>
    <measure number="4" width="376">
      <print new-system="yes">
        <staff-layout number="1">
          <staff-distance>72.0</staff-distance>
        </staff-layout>
      </print>
      <attributes>
        <divisions>10080</divisions>
      </attributes>
      <note>
        <pitch>
          <step>D</step>
          <octave>5</octave>
        </pitch>
        <duration>10080</duration>
        <type>quarter</type>
        <stem>down</stem>
        <notations />
      </note>
      <note>
        <pitch>
          <step>D</step>
          <octave>5</octave>
        </pitch>
        <duration>10080</duration>
        <type>quarter</type>
        <stem>down</stem>
        <notations />
      </note>
      <note>
        <pitch>
          <step>C</step>
          <octave>5</octave>
        </pitch>
        <duration>10080</duration>
        <type>quarter</type>
        <stem>down</stem>
        <notations />
      </note>
      <note>
        <pitch>
          <step>A</step>
          <octave>4</octave>
        </pitch>
        <duration>10080</duration>
        <type>quarter</type>
        <stem>up</stem>
        <notations />
      </note>
    </measure>
    <measure number="5" width="296">
      <attributes>
        <divisions>10080</divisions>
      </attributes>
      <note>
        <pitch>
          <step>D</step>
          <octave>5</octave>
        </pitch>
        <duration>10080</duration>
        <type>quarter</type>
        <stem>down</stem>
        <notations />
      </note>
      <note>
        <pitch>
          <step>C</step>
          <octave>5</octave>
        </pitch>
        <duration>10080</duration>
        <type>quarter</type>
        <stem>down</stem>
        <notations />
      </note>
      <note>
        <pitch>
          <step>B</step>
          <alter>-1</alter>
          <octave>4</octave>
        </pitch>
        <duration>10080</duration>
        <type>quarter</type>
        <stem>down</stem>
        <notations />
      </note>
      <note>
        <pitch>
          <step>A</step>
          <octave>4</octave>
        </pitch>
        <duration>10080</duration>
        <type>quarter</type>
        <stem>up</stem>
        <notations />
      </note>
    </measure>
    <measure number="6" width="351">
      <attributes>
        <divisions>10080</divisions>
      </attributes>
      <note>
        <pitch>
          <step>G</step>
          <octave>4</octave>
        </pitch>
        <duration>20160</duration>
        <type>half</type>
        <stem>up</stem>
        <notations />
      </note>
      <note>
        <pitch>
          <step>F</step>
          <octave>4</octave>
        </pitch>
        <duration>10080</duration>
        <type>quarter</type>
        <stem>up</stem>
        <notations />
      </note>
      <note>
        <pitch>
          <step>F</step>
          <octave>4</octave>
        </pitch>
        <duration>10080</duration>
        <type>quarter</type>
        <stem>up</stem>
        <notations />
      </note>
    </measure>
    <measure number="7" width="305">
      <attributes>
        <divisions>10080</divisions>
      </attributes>
      <note>
        <pitch>
          <step>C</step>
          <octave>5</octave>
        </pitch>
        <duration>10080</duration>
        <type>quarter</type>
        <stem>down</stem>
        <notations />
      </note>
      <note>
        <pitch>
          <step>A</step>
          <octave>4</octave>
        </pitch>
        <duration>10080</duration>
        <type>quarter</type>
        <stem>up</stem>
        <notations />
      </note>
      <note>
        <pitch>
          <step>F</step>
          <octave>4</octave>
        </pitch>
        <duration>10080</duration>
        <type>quarter</type>
        <stem>up</stem>
        <notations />
      </note>
      <note>
        <pitch>
          <step>C</step>
          <octave>5</octave>
        </pitch>
        <duration>10080</duration>
        <type>quarter</type>
        <stem>down</stem>
        <notations />
      </note>
    </measure>
    <measure number="8" width="389">
      <print new-system="yes">
        <staff-layout number="1">
          <staff-distance>72.0</staff-distance>
        </staff-layout>
      </print>
      <attributes>
        <divisions>10080</divisions>
      </attributes>
      <note>
        <pitch>
          <step>D</step>
          <octave>5</octave>
        </pitch>
        <duration>10080</duration>
        <type>quarter</type>
        <stem>down</stem>
        <notations />
      </note>
      <note>
        <pitch>
          <step>D</step>
          <octave>5</octave>
        </pitch>
        <duration>10080</duration>
        <type>quarter</type>
        <stem>down</stem>
        <notations />
      </note>
      <note>
        <pitch>
          <step>C</step>
          <octave>5</octave>
        </pitch>
        <duration>10080</duration>
        <type>quarter</type>
        <stem>down</stem>
        <notations />
      </note>
      <note>
        <pitch>
          <step>C</step>
          <octave>5</octave>
        </pitch>
        <duration>10080</duration>
        <type>quarter</type>
        <stem>down</stem>
        <notations />
      </note>
    </measure>
    <measure number="9" width="346">
      <attributes>
        <divisions>10080</divisions>
      </attributes>
      <note>
        <pitch>
          <step>D</step>
          <octave>5</octave>
        </pitch>
        <duration>10080</duration>
        <type>quarter</type>
        <stem>down</stem>
        <notations />
      </note>
      <note>
        <pitch>
          <step>E</step>
          <octave>5</octave>
        </pitch>
        <duration>10080</duration>
        <type>quarter</type>
        <stem>down</stem>
        <notations />
      </note>
      <note>
        <pitch>
          <step>F</step>
          <octave>5</octave>
        </pitch>
        <duration>10080</duration>
        <type>quarter</type>
        <stem>down</stem>
        <notations />
      </note>
      <note>
        <pitch>
          <step>E</step>
          <octave>5</octave>
        </pitch>
        <duration>10080</duration>
        <type>quarter</type>
        <stem>down</stem>
        <notations />
      </note>
    </measure>
    <measure number="10" width="300">
      <attributes>
        <divisions>10080</divisions>
      </attributes>
      <note>
        <pitch>
          <step>D</step>
          <octave>5</octave>
        </pitch>
        <duration>10080</duration>
        <type>quarter</type>
        <stem>down</stem>
        <notations />
      </note>
      <note>
        <pitch>
          <step>D</step>
          <octave>5</octave>
        </pitch>
        <duration>10080</duration>
        <type>quarter</type>
        <stem>down</stem>
        <notations />
      </note>
      <note>
        <pitch>
          <step>C</step>
          <octave>5</octave>
        </pitch>
        <duration>10080</duration>
        <type>quarter</type>
        <stem>down</stem>
        <notations />
      </note>
      <note>
        <pitch>
          <step>A</step>
          <octave>4</octave>
        </pitch>
        <duration>10080</duration>
        <type>quarter</type>
        <stem>up</stem>
        <notations />
      </note>
    </measure>
    <measure number="11" width="293">
      <attributes>
        <divisions>10080</divisions>
      </attributes>
      <note>
        <pitch>
          <step>D</step>
          <octave>5</octave>
        </pitch>
        <duration>10080</duration>
        <type>quarter</type>
        <stem>down</stem>
        <notations />
      </note>
      <note>
        <pitch>
          <step>C</step>
          <octave>5</octave>
        </pitch>
        <duration>10080</duration>
        <type>quarter</type>
        <stem>down</stem>
        <notations />
      </note>
      <note>
        <pitch>
          <step>B</step>
          <alter>-1</alter>
          <octave>4</octave>
        </pitch>
        <duration>10080</duration>
        <type>quarter</type>
        <stem>down</stem>
        <notations />
      </note>
      <note>
        <pitch>
          <step>A</step>
          <octave>4</octave>
        </pitch>
        <duration>10080</duration>
        <type>quarter</type>
        <stem>up</stem>
        <notations />
      </note>
    </measure>
    <measure number="12" width="419">
      <print new-page="yes">
        <staff-layout number="1">
          <staff-distance>72.0</staff-distance>
        </staff-layout>
      </print>
      <attributes>
        <divisions>10080</divisions>
      </attributes>
      <note>
        <pitch>
          <step>G</step>
          <octave>4</octave>
        </pitch>
        <duration>20160</duration>
        <type>half</type>
        <stem>up</stem>
        <notations />
      </note>
      <note>
        <pitch>
          <step>F</step>
          <octave>4</octave>
        </pitch>
        <duration>10080</duration>
        <type>quarter</type>
        <stem>up</stem>
        <notations />
      </note>
      <note>
        <rest />
        <duration>10080</duration>
        <type>quarter</type>
        <notations />
      </note>
    </measure>
    <measure number="13" width="324">
      <attributes>
        <divisions>10080</divisions>
      </attributes>
      <note>
        <pitch>
          <step>C</step>
          <octave>5</octave>
        </pitch>
        <duration>20160</duration>
        <type>half</type>
        <stem>down</stem>
        <notations />
      </note>
      <note>
        <pitch>
          <step>A</step>
          <octave>4</octave>
        </pitch>
        <duration>20160</duration>
        <type>half</type>
        <stem>up</stem>
        <notations />
      </note>
    </measure>
    <measure number="14" width="260">
      <attributes>
        <divisions>10080</divisions>
      </attributes>
      <note>
        <pitch>
          <step>C</step>
          <octave>5</octave>
        </pitch>
        <duration>20160</duration>
        <type>half</type>
        <stem>down</stem>
        <notations />
      </note>
      <note>
        <pitch>
          <step>A</step>
          <octave>4</octave>
        </pitch>
        <duration>20160</duration>
        <type>half</type>
        <stem>up</stem>
        <notations />
      </note>
    </measure>
    <measure number="15" width="325">
      <attributes>
        <divisions>10080</divisions>
      </attributes>
      <note>
        <pitch>
          <step>A</step>
          <octave>4</octave>
        </pitch>
        <duration>10080</duration>
        <type>quarter</type>
        <stem>up</stem>
        <notations />
      </note>
      <note>
        <pitch>
          <step>A</step>
          <octave>4</octave>
        </pitch>
        <duration>10080</duration>
        <type>quarter</type>
        <stem>up</stem>
        <notations />
      </note>
      <note>
        <pitch>
          <step>G</step>
          <octave>4</octave>
        </pitch>
        <duration>10080</duration>
        <type>quarter</type>
        <stem>up</stem>
        <notations />
      </note>
      <note>
        <pitch>
          <step>G</step>
          <octave>4</octave>
        </pitch>
        <duration>10080</duration>
        <type>quarter</type>
        <stem>up</stem>
        <notations />
      </note>
    </measure>
    <measure number="16" width="298">
      <print new-system="yes">
        <staff-layout number="1">
          <staff-distance>72.0</staff-distance>
        </staff-layout>
      </print>
      <attributes>
        <divisions>10080</divisions>
      </attributes>
      <note>
        <pitch>
          <step>A</step>
          <octave>4</octave>
        </pitch>
        <duration>10080</duration>
        <type>quarter</type>
        <stem>up</stem>
        <notations />
      </note>
      <note>
        <pitch>
          <step>A</step>
          <octave>4</octave>
        </pitch>
        <duration>10080</duration>
        <type>quarter</type>
        <stem>up</stem>
        <notations />
      </note>
      <note>
        <pitch>
          <step>G</step>
          <octave>4</octave>
        </pitch>
        <duration>10080</duration>
        <type>quarter</type>
        <stem>up</stem>
        <notations />
      </note>
      <note>
        <pitch>
          <step>A</step>
          <octave>4</octave>
        </pitch>
        <duration>10080</duration>
        <type>quarter</type>
        <stem>up</stem>
        <notations />
      </note>
    </measure>
    <measure number="17" width="308">
      <attributes>
        <divisions>10080</divisions>
      </attributes>
      <note>
        <pitch>
          <step>B</step>
          <alter>-1</alter>
          <octave>4</octave>
        </pitch>
        <duration>10080</duration>
        <type>quarter</type>
        <stem>down</stem>
        <notations />
      </note>
      <note>
        <pitch>
          <step>A</step>
          <octave>4</octave>
        </pitch>
        <duration>10080</duration>
        <type>quarter</type>
        <stem>up</stem>
        <notations />
      </note>
      <note>
        <pitch>
          <step>G</step>
          <octave>4</octave>
        </pitch>
        <duration>20160</duration>
        <type>half</type>
        <stem>up</stem>
        <notations />
      </note>
    </measure>
    <measure number="18" width="241">
      <attributes>
        <divisions>10080</divisions>
      </attributes>
      <note>
        <pitch>
          <step>F</step>
          <octave>4</octave>
        </pitch>
        <duration>20160</duration>
        <type>half</type>
        <stem>up</stem>
        <notations />
      </note>
      <note>
        <pitch>
          <step>F</step>
          <octave>5</octave>
        </pitch>
        <duration>10080</duration>
        <type>quarter</type>
        <stem>down</stem>
        <notations />
      </note>
      <note>
        <pitch>
          <step>E</step>
          <octave>5</octave>
        </pitch>
        <duration>10080</duration>
        <type>quarter</type>
        <stem>down</stem>
        <notations />
      </note>
    </measure>
    <measure number="19" width="271">
      <attributes>
        <divisions>10080</divisions>
      </attributes>
      <note>
        <pitch>
          <step>D</step>
          <octave>5</octave>
        </pitch>
        <duration>10080</duration>
        <type>quarter</type>
        <stem>down</stem>
        <notations />
      </note>
      <note>
        <pitch>
          <step>C</step>
          <octave>5</octave>
        </pitch>
        <duration>10080</duration>
        <type>quarter</type>
        <stem>down</stem>
        <notations />
      </note>
      <note>
        <pitch>
          <step>B</step>
          <alter>-1</alter>
          <octave>4</octave>
        </pitch>
        <duration>10080</duration>
        <type>quarter</type>
        <stem>down</stem>
        <notations />
      </note>
      <note>
        <pitch>
          <step>A</step>
          <octave>4</octave>
        </pitch>
        <duration>10080</duration>
        <type>quarter</type>
        <stem>up</stem>
        <notations />
      </note>
    </measure>
    <measure number="20" width="211">
      <attributes>
        <divisions>10080</divisions>
      </attributes>
      <note>
        <pitch>
          <step>G</step>
          <octave>4</octave>
        </pitch>
        <duration>20160</duration>
        <type>half</type>
        <stem>up</stem>
        <notations />
      </note>
      <note>
        <pitch>
          <step>F</step>
          <octave>4</octave>
        </pitch>
        <duration>10080</duration>
        <type>quarter</type>
        <stem>up</stem>
        <notations />
      </note>
      <barline location="right">
        <bar-style>light-heavy</bar-style>
      </barline>
    </measure>
  </part>
  <part id="Alto">
    <measure number="0">
      <attributes>
        <divisions>10080</divisions>
      </attributes>
      <note>
        <pitch>
          <step>F</step>
          <octave>4</octave>
        </pitch>
        <duration>10080</duration>
        <type>quarter</type>
        <notations />
      </note>
    </measure>
    <measure number="0">
      <attributes>
        <divisions>10080</divisions>
      </attributes>
      <note>
        <pitch>
          <step>F</step>
          <octave>3</octave>
        </pitch>
        <duration>2520</duration>
        <type>16th</type>
        <notations />
      </note>
      <note>
        <pitch>
          <step>A</step>
          <octave>3</octave>
        </pitch>
        <duration>5040</duration>
        <type>eighth</type>
        <notations />
      </note>
      <note>
        <pitch>
          <step>G</step>
          <alter>1</alter>
          <octave>5</octave>
        </pitch>
        <duration>20160</duration>
        <type>half</type>
        <accidental>sharp</accidental>
        <notations />
      </note>
      <note>
        <pitch>
          <step>F</step>
          <alter>1</alter>
          <octave>4</octave>
        </pitch>
        <duration>10080</duration>
        <type>quarter</type>
        <accidental>sharp</accidental>
        <notations />
      </note>
      <note>
        <pitch>
          <step>G</step>
          <alter>-1</alter>
          <octave>4</octave>
        </pitch>
        <duration>2520</duration>
        <type>16th</type>
        <accidental>flat</accidental>
        <notations />
      </note>
    </measure>
    <measure number="0">
      <attributes>
        <divisions>10080</divisions>
      </attributes>
      <note>
        <pitch>
          <step>D</step>
          <alter>1</alter>
          <octave>4</octave>
        </pitch>
        <duration>2520</duration>
        <type>16th</type>
        <accidental>sharp</accidental>
        <notations />
      </note>
      <note>
        <pitch>
          <step>B</step>
          <alter>-1</alter>
          <octave>4</octave>
        </pitch>
        <duration>10080</duration>
        <type>quarter</type>
        <accidental>flat</accidental>
        <notations />
      </note>
      <note>
        <pitch>
          <step>F</step>
          <alter>1</alter>
          <octave>3</octave>
        </pitch>
        <duration>10080</duration>
        <type>quarter</type>
        <accidental>sharp</accidental>
        <notations />
      </note>
      <note>
        <pitch>
          <step>D</step>
          <alter>-1</alter>
          <octave>3</octave>
        </pitch>
        <duration>2520</duration>
        <type>16th</type>
        <accidental>flat</accidental>
        <notations />
      </note>
      <note>
        <pitch>
          <step>A</step>
          <alter>1</alter>
          <octave>5</octave>
        </pitch>
        <duration>5040</duration>
        <type>eighth</type>
        <accidental>sharp</accidental>
        <notations />
      </note>
      <note>
        <pitch>
          <step>E</step>
          <octave>3</octave>
        </pitch>
        <duration>10080</duration>
        <type>quarter</type>
        <notations />
      </note>
    </measure>
    <measure number="0">
      <attributes>
        <divisions>10080</divisions>
      </attributes>
      <note>
        <pitch>
          <step>G</step>
          <alter>1</alter>
          <octave>4</octave>
        </pitch>
        <duration>20160</duration>
        <type>half</type>
        <accidental>sharp</accidental>
        <notations />
      </note>
      <note>
        <pitch>
          <step>D</step>
          <alter>1</alter>
          <octave>4</octave>
        </pitch>
        <duration>5040</duration>
        <type>eighth</type>
        <accidental>sharp</accidental>
        <notations />
      </note>
      <note>
        <pitch>
          <step>B</step>
          <alter>-1</alter>
          <octave>3</octave>
        </pitch>
        <duration>2520</duration>
        <type>16th</type>
        <accidental>flat</accidental>
        <notations />
      </note>
      <note>
        <pitch>
          <step>C</step>
          <octave>3</octave>
        </pitch>
        <duration>10080</duration>
        <tie type="start" />
        <type>quarter</type>
        <notations>
          <tied type="start" />
        </notations>
      </note>
      <note>
        <pitch>
          <step>C</step>
          <octave>3</octave>
        </pitch>
        <duration>2520</duration>
        <tie type="stop" />
        <type>16th</type>
        <notations>
          <tied type="stop" />
        </notations>
      </note>
    </measure>
    <measure number="0">
      <attributes>
        <divisions>10080</divisions>
      </attributes>
      <note>
        <pitch>
          <step>C</step>
          <alter>1</alter>
          <octave>4</octave>
        </pitch>
        <duration>2520</duration>
        <type>16th</type>
        <accidental>sharp</accidental>
        <notations />
      </note>
      <note>
        <pitch>
          <step>B</step>
          <alter>-1</alter>
          <octave>4</octave>
        </pitch>
        <duration>5040</duration>
        <type>eighth</type>
        <accidental>flat</accidental>
        <notations />
      </note>
      <note>
        <pitch>
          <step>F</step>
          <alter>1</alter>
          <octave>4</octave>
        </pitch>
        <duration>5040</duration>
        <type>eighth</type>
        <accidental>sharp</accidental>
        <notations />
      </note>
      <note>
        <pitch>
          <step>E</step>
          <alter>-1</alter>
          <octave>5</octave>
        </pitch>
        <duration>20160</duration>
        <type>half</type>
        <accidental>flat</accidental>
        <notations />
      </note>
      <note>
        <pitch>
          <step>D</step>
          <alter>-1</alter>
          <octave>4</octave>
        </pitch>
        <duration>7560</duration>
        <type>eighth</type>
        <dot />
        <accidental>flat</accidental>
        <notations />
      </note>
    </measure>
    <measure number="0">
      <attributes>
        <divisions>10080</divisions>
      </attributes>
      <note>
        <pitch>
          <step>F</step>
          <alter>1</alter>
          <octave>3</octave>
        </pitch>
        <duration>20160</duration>
        <type>half</type>
        <accidental>sharp</accidental>
        <notations />
      </note>
      <note>
        <pitch>
          <step>G</step>
          <octave>4</octave>
        </pitch>
        <duration>2520</duration>
        <type>16th</type>
        <notations />
      </note>
      <note>
        <pitch>
          <step>C</step>
          <alter>0</alter>
          <octave>5</octave>
        </pitch>
        <duration>17640</duration>
        <type>quarter</type>
        <dot />
        <dot />
        <accidental>natural</accidental>
        <notations />
      </note>
    </measure>
    <measure number="0">
      <attributes>
        <divisions>10080</divisions>
      </attributes>
      <note>
        <pitch>
          <step>G</step>
          <alter>-1</alter>
          <octave>3</octave>
        </pitch>
        <duration>20160</duration>
        <type>half</type>
        <accidental>flat</accidental>
        <notations />
      </note>
      <note>
        <pitch>
          <step>D</step>
          <alter>1</alter>
          <octave>5</octave>
        </pitch>
        <duration>20160</duration>
        <type>half</type>
        <accidental>sharp</accidental>
        <notations />
      </note>
    </measure>
    <measure number="0">
      <attributes>
        <divisions>10080</divisions>
      </attributes>
      <note>
        <pitch>
          <step>F</step>
          <alter>1</alter>
          <octave>4</octave>
        </pitch>
        <duration>2520</duration>
        <type>16th</type>
        <accidental>sharp</accidental>
        <notations />
      </note>
      <note>
        <pitch>
          <step>B</step>
          <octave>3</octave>
        </pitch>
        <duration>20160</duration>
        <type>half</type>
        <notations />
      </note>
      <note>
        <pitch>
          <step>D</step>
          <alter>0</alter>
          <octave>5</octave>
        </pitch>
        <duration>2520</duration>
        <type>16th</type>
        <accidental>natural</accidental>
        <notations />
      </note>
      <note>
        <pitch>
          <step>F</step>
          <alter>1</alter>
          <octave>4</octave>
        </pitch>
        <duration>10080</duration>
        <type>quarter</type>
        <accidental>sharp</accidental>
        <notations />
      </note>
      <note>
        <pitch>
          <step>D</step>
          <alter>1</alter>
          <octave>3</octave>
        </pitch>
        <duration>5040</duration>
        <type>eighth</type>
        <accidental>sharp</accidental>
        <notations />
      </note>
    </measure>
    <measure number="0">
      <attributes>
        <divisions>10080</divisions>
      </attributes>
      <note>
        <pitch>
          <step>G</step>
          <alter>-1</alter>
          <octave>4</octave>
        </pitch>
        <duration>20160</duration>
        <type>half</type>
        <accidental>flat</accidental>
        <notations />
      </note>
      <note>
        <pitch>
          <step>B</step>
          <octave>4</octave>
        </pitch>
        <duration>2520</duration>
        <type>16th</type>
        <notations />
      </note>
      <note>
        <pitch>
          <step>G</step>
          <alter>0</alter>
          <octave>3</octave>
        </pitch>
        <duration>17640</duration>
        <type>quarter</type>
        <dot />
        <dot />
        <accidental>natural</accidental>
        <notations />
      </note>
    </measure>
    <measure number="0">
      <attributes>
        <divisions>10080</divisions>
      </attributes>
      <note>
        <pitch>
          <step>A</step>
          <octave>3</octave>
        </pitch>
        <duration>20160</duration>
        <type>half</type>
        <notations />
      </note>
      <note>
        <pitch>
          <step>E</step>
          <alter>-1</alter>
          <octave>3</octave>
        </pitch>
        <duration>20160</duration>
        <type>half</type>
        <accidental>flat</accidental>
        <notations />
      </note>
    </measure>
    <measure number="0">
      <attributes>
        <divisions>10080</divisions>
      </attributes>
      <note>
        <pitch>
          <step>A</step>
          <alter>-1</alter>
          <octave>3</octave>
        </pitch>
        <duration>2520</duration>
        <type>16th</type>
        <accidental>flat</accidental>
        <notations />
      </note>
      <note>
        <pitch>
          <step>C</step>
          <octave>4</octave>
        </pitch>
        <duration>10080</duration>
        <type>quarter</type>
        <notations />
      </note>
      <note>
        <pitch>
          <step>G</step>
          <alter>1</alter>
          <octave>4</octave>
        </pitch>
        <duration>2520</duration>
        <type>16th</type>
        <accidental>sharp</accidental>
        <notations />
      </note>
      <note>
        <pitch>
          <step>F</step>
          <octave>5</octave>
        </pitch>
        <duration>5040</duration>
        <type>eighth</type>
        <notations />
      </note>
      <note>
        <pitch>
          <step>D</step>
          <alter>-1</alter>
          <octave>5</octave>
        </pitch>
        <duration>20160</duration>
        <type>half</type>
        <accidental>flat</accidental>
        <notations />
      </note>
    </measure>
    <measure number="0">
      <attributes>
        <divisions>10080</divisions>
      </attributes>
      <note>
        <pitch>
          <step>G</step>
          <alter>1</alter>
          <octave>3</octave>
        </pitch>
        <duration>5040</duration>
        <type>eighth</type>
        <accidental>sharp</accidental>
        <notations />
      </note>
      <note>
        <pitch>
          <step>G</step>
          <alter>0</alter>
          <octave>4</octave>
        </pitch>
        <duration>5040</duration>
        <type>eighth</type>
        <accidental>natural</accidental>
        <notations />
      </note>
      <note>
        <pitch>
          <step>B</step>
          <alter>-1</alter>
          <octave>4</octave>
        </pitch>
        <duration>30240</duration>
        <type>half</type>
        <dot />
        <accidental>flat</accidental>
        <notations />
      </note>
    </measure>
    <measure number="0">
      <attributes>
        <divisions>10080</divisions>
      </attributes>
      <note>
        <pitch>
          <step>A</step>
          <alter>-1</alter>
          <octave>5</octave>
        </pitch>
        <duration>2520</duration>
        <type>16th</type>
        <accidental>flat</accidental>
        <notations />
      </note>
      <note>
        <pitch>
          <step>E</step>
          <octave>3</octave>
        </pitch>
        <duration>5040</duration>
        <type>eighth</type>
        <notations />
      </note>
      <note>
        <pitch>
          <step>D</step>
          <octave>5</octave>
        </pitch>
        <duration>10080</duration>
        <type>quarter</type>
        <notations />
      </note>
      <note>
        <pitch>
          <step>A</step>
          <alter>0</alter>
          <octave>4</octave>
        </pitch>
        <duration>5040</duration>
        <type>eighth</type>
        <accidental>natural</accidental>
        <notations />
      </note>
      <note>
        <pitch>
          <step>C</step>
          <alter>1</alter>
          <octave>5</octave>
        </pitch>
        <duration>17640</duration>
        <type>quarter</type>
        <dot />
        <dot />
        <accidental>sharp</accidental>
        <notations />
      </note>
    </measure>
    <measure number="0">
      <attributes>
        <divisions>10080</divisions>
      </attributes>
      <note>
        <pitch>
          <step>F</step>
          <octave>5</octave>
        </pitch>
        <duration>10080</duration>
        <type>quarter</type>
        <notations />
      </note>
      <note>
        <pitch>
          <step>A</step>
          <octave>5</octave>
        </pitch>
        <duration>30240</duration>
        <type>half</type>
        <dot />
        <notations />
      </note>
    </measure>
    <measure number="0">
      <attributes>
        <divisions>10080</divisions>
      </attributes>
      <note>
        <pitch>
          <step>D</step>
          <alter>-1</alter>
          <octave>4</octave>
        </pitch>
        <duration>20160</duration>
        <type>half</type>
        <accidental>flat</accidental>
        <notations />
      </note>
      <note>
        <pitch>
          <step>B</step>
          <octave>5</octave>
        </pitch>
        <duration>2520</duration>
        <type>16th</type>
        <notations />
      </note>
      <note>
        <pitch>
          <step>D</step>
          <alter>1</alter>
          <octave>5</octave>
        </pitch>
        <duration>2520</duration>
        <type>16th</type>
        <accidental>sharp</accidental>
        <notations />
      </note>
      <note>
        <pitch>
          <step>F</step>
          <octave>4</octave>
        </pitch>
        <duration>15120</duration>
        <type>quarter</type>
        <dot />
        <notations />
      </note>
    </measure>
    <measure number="0">
      <attributes>
        <divisions>10080</divisions>
      </attributes>
      <note>
        <pitch>
          <step>E</step>
          <octave>4</octave>
        </pitch>
        <duration>10080</duration>
        <type>quarter</type>
        <notations />
      </note>
      <note>
        <pitch>
          <step>G</step>
          <alter>-1</alter>
          <octave>5</octave>
        </pitch>
        <duration>30240</duration>
        <type>half</type>
        <dot />
        <accidental>flat</accidental>
        <notations />
      </note>
    </measure>
    <measure number="0">
      <attributes>
        <divisions>10080</divisions>
      </attributes>
      <note>
        <pitch>
          <step>B</step>
          <octave>5</octave>
        </pitch>
        <duration>10080</duration>
        <type>quarter</type>
        <notations />
      </note>
      <note>
        <pitch>
          <step>D</step>
          <alter>1</alter>
          <octave>3</octave>
        </pitch>
        <duration>5040</duration>
        <type>eighth</type>
        <accidental>sharp</accidental>
        <notations />
      </note>
      <note>
        <pitch>
          <step>G</step>
          <alter>0</alter>
          <octave>3</octave>
        </pitch>
        <duration>5040</duration>
        <type>eighth</type>
        <accidental>natural</accidental>
        <notations />
      </note>
      <note>
        <pitch>
          <step>D</step>
          <alter>-1</alter>
          <octave>5</octave>
        </pitch>
        <duration>20160</duration>
        <type>half</type>
        <accidental>flat</accidental>
        <notations />
      </note>
    </measure>
    <measure number="0">
      <attributes>
        <divisions>10080</divisions>
      </attributes>
      <note>
        <pitch>
          <step>D</step>
          <alter>1</alter>
          <octave>4</octave>
        </pitch>
        <duration>5040</duration>
        <type>eighth</type>
        <accidental>sharp</accidental>
        <notations />
      </note>
      <note>
        <pitch>
          <step>C</step>
          <octave>4</octave>
        </pitch>
        <duration>2520</duration>
        <type>16th</type>
        <notations />
      </note>
      <note>
        <pitch>
          <step>B</step>
          <octave>3</octave>
        </pitch>
        <duration>20160</duration>
        <tie type="start" />
        <type>half</type>
        <notations>
          <tied type="start" />
        </notations>
      </note>
      <note>
        <pitch>
          <step>B</step>
          <octave>3</octave>
        </pitch>
        <duration>10080</duration>
        <tie type="stop" />
        <tie type="start" />
        <type>quarter</type>
        <notations>
          <tied type="stop" />
          <tied type="start" />
        </notations>
      </note>
      <note>
        <pitch>
          <step>B</step>
          <octave>3</octave>
        </pitch>
        <duration>2520</duration>
        <tie type="stop" />
        <type>16th</type>
        <notations>
          <tied type="stop" />
        </notations>
      </note>
    </measure>
    <measure number="0">
      <attributes>
        <divisions>10080</divisions>
      </attributes>
      <note>
        <pitch>
          <step>E</step>
          <octave>4</octave>
        </pitch>
        <duration>10080</duration>
        <type>quarter</type>
        <notations />
      </note>
      <note>
        <pitch>
          <step>E</step>
          <octave>5</octave>
        </pitch>
        <duration>5040</duration>
        <type>eighth</type>
        <notations />
      </note>
      <note>
        <pitch>
          <step>E</step>
          <alter>-1</alter>
          <octave>4</octave>
        </pitch>
        <duration>5040</duration>
        <type>eighth</type>
        <accidental>flat</accidental>
        <notations />
      </note>
      <note>
        <pitch>
          <step>G</step>
          <alter>1</alter>
          <octave>5</octave>
        </pitch>
        <duration>5040</duration>
        <type>eighth</type>
        <accidental>sharp</accidental>
        <notations />
      </note>
      <note>
        <pitch>
          <step>B</step>
          <octave>5</octave>
        </pitch>
        <duration>15120</duration>
        <type>quarter</type>
        <dot />
        <notations />
      </note>
    </measure>
    <measure number="0">
      <attributes>
        <divisions>10080</divisions>
      </attributes>
      <note>
        <pitch>
          <step>C</step>
          <alter>1</alter>
          <octave>5</octave>
        </pitch>
        <duration>5040</duration>
        <type>eighth</type>
        <accidental>sharp</accidental>
        <notations />
      </note>
      <note>
        <pitch>
          <step>B</step>
          <octave>5</octave>
        </pitch>
        <duration>35280</duration>
        <type>half</type>
        <dot />
        <dot />
        <notations />
      </note>
    </measure>
    <measure number="0">
      <attributes>
        <divisions>10080</divisions>
      </attributes>
      <note>
        <pitch>
          <step>G</step>
          <octave>3</octave>
        </pitch>
        <duration>10080</duration>
        <type>quarter</type>
        <notations />
      </note>
      <note>
        <pitch>
          <step>A</step>
          <alter>1</alter>
          <octave>5</octave>
        </pitch>
        <duration>20160</duration>
        <type>half</type>
        <accidental>sharp</accidental>
        <notations />
      </note>
    </measure>
  </part>
  <part id="Tenor">
    <measure number="0">
      <attributes>
        <divisions>10080</divisions>
      </attributes>
      <note>
        <pitch>
          <step>E</step>
          <alter>-1</alter>
          <octave>3</octave>
        </pitch>
        <duration>10080</duration>
        <type>quarter</type>
        <accidental>flat</accidental>
        <notations />
      </note>
    </measure>
    <measure number="0">
      <attributes>
        <divisions>10080</divisions>
      </attributes>
      <note>
        <pitch>
          <step>D</step>
          <alter>1</alter>
          <octave>3</octave>
        </pitch>
        <duration>5040</duration>
        <type>eighth</type>
        <accidental>sharp</accidental>
        <notations />
      </note>
      <note>
        <pitch>
          <step>C</step>
          <alter>1</alter>
          <octave>4</octave>
        </pitch>
        <duration>20160</duration>
        <type>half</type>
        <accidental>sharp</accidental>
        <notations />
      </note>
      <note>
        <pitch>
          <step>E</step>
          <alter>0</alter>
          <octave>5</octave>
        </pitch>
        <duration>5040</duration>
        <type>eighth</type>
        <accidental>natural</accidental>
        <notations />
      </note>
      <note>
        <pitch>
          <step>A</step>
          <octave>5</octave>
        </pitch>
        <duration>2520</duration>
        <type>16th</type>
        <notations />
      </note>
      <note>
        <pitch>
          <step>F</step>
          <alter>1</alter>
          <octave>4</octave>
        </pitch>
        <duration>7560</duration>
        <type>eighth</type>
        <dot />
        <accidental>sharp</accidental>
        <notations />
      </note>
    </measure>
    <measure number="0">
      <attributes>
        <divisions>10080</divisions>
      </attributes>
      <note>
        <pitch>
          <step>E</step>
          <alter>-1</alter>
          <octave>4</octave>
        </pitch>
        <duration>10080</duration>
        <type>quarter</type>
        <accidental>flat</accidental>
        <notations />
      </note>
      <note>
        <pitch>
          <step>A</step>
          <alter>1</alter>
          <octave>3</octave>
        </pitch>
        <duration>30240</duration>
        <type>half</type>
        <dot />
        <accidental>sharp</accidental>
        <notations />
      </note>
    </measure>
    <measure number="0">
      <attributes>
        <divisions>10080</divisions>
      </attributes>
      <note>
        <pitch>
          <step>F</step>
          <octave>3</octave>
        </pitch>
        <duration>20160</duration>
        <type>half</type>
        <notations />
      </note>
      <note>
        <pitch>
          <step>A</step>
          <alter>0</alter>
          <octave>4</octave>
        </pitch>
        <duration>5040</duration>
        <type>eighth</type>
        <accidental>natural</accidental>
        <notations />
      </note>
      <note>
        <pitch>
          <step>G</step>
          <alter>1</alter>
          <octave>5</octave>
        </pitch>
        <duration>15120</duration>
        <type>quarter</type>
        <dot />
        <accidental>sharp</accidental>
        <notations />
      </note>
    </measure>
    <measure number="0">
      <attributes>
        <divisions>10080</divisions>
      </attributes>
      <note>
        <pitch>
          <step>A</step>
          <alter>-1</alter>
          <octave>4</octave>
        </pitch>
        <duration>10080</duration>
        <type>quarter</type>
        <accidental>flat</accidental>
        <notations />
      </note>
      <note>
        <pitch>
          <step>B</step>
          <alter>-1</alter>
          <octave>5</octave>
        </pitch>
        <duration>20160</duration>
        <type>half</type>
        <accidental>flat</accidental>
        <notations />
      </note>
      <note>
        <pitch>
          <step>E</step>
          <alter>-1</alter>
          <octave>3</octave>
        </pitch>
        <duration>10080</duration>
        <type>quarter</type>
        <accidental>flat</accidental>
        <notations />
      </note>
    </measure>
    <measure number="0">
      <attributes>
        <divisions>10080</divisions>
      </attributes>
      <note>
        <pitch>
          <step>G</step>
          <alter>1</alter>
          <octave>5</octave>
        </pitch>
        <duration>2520</duration>
        <type>16th</type>
        <accidental>sharp</accidental>
        <notations />
      </note>
      <note>
        <pitch>
          <step>F</step>
          <octave>3</octave>
        </pitch>
        <duration>20160</duration>
        <type>half</type>
        <notations />
      </note>
      <note>
        <pitch>
          <step>G</step>
          <alter>0</alter>
          <octave>5</octave>
        </pitch>
        <duration>17640</duration>
        <type>quarter</type>
        <dot />
        <dot />
        <accidental>natural</accidental>
        <notations />
      </note>
    </measure>
    <measure number="0">
      <attributes>
        <divisions>10080</divisions>
      </attributes>
      <note>
        <pitch>
          <step>G</step>
          <alter>-1</alter>
          <octave>5</octave>
        </pitch>
        <duration>10080</duration>
        <type>quarter</type>
        <accidental>flat</accidental>
        <notations />
      </note>
      <note>
        <pitch>
          <step>A</step>
          <octave>3</octave>
        </pitch>
        <duration>5040</duration>
        <type>eighth</type>
        <notations />
      </note>
      <note>
        <pitch>
          <step>F</step>
          <alter>1</alter>
          <octave>3</octave>
        </pitch>
        <duration>20160</duration>
        <tie type="start" />
        <type>half</type>
        <accidental>sharp</accidental>
        <notations>
          <tied type="start" />
        </notations>
      </note>
      <note>
        <pitch>
          <step>F</step>
          <alter>1</alter>
          <octave>3</octave>
        </pitch>
        <duration>5040</duration>
        <tie type="stop" />
        <type>eighth</type>
        <accidental>sharp</accidental>
        <notations>
          <tied type="stop" />
        </notations>
      </note>
    </measure>
    <measure number="0">
      <attributes>
        <divisions>10080</divisions>
      </attributes>
      <note>
        <pitch>
          <step>G</step>
          <alter>1</alter>
          <octave>4</octave>
        </pitch>
        <duration>10080</duration>
        <type>quarter</type>
        <accidental>sharp</accidental>
        <notations />
      </note>
      <note>
        <pitch>
          <step>E</step>
          <octave>3</octave>
        </pitch>
        <duration>10080</duration>
        <type>quarter</type>
        <notations />
      </note>
      <note>
        <pitch>
          <step>G</step>
          <alter>1</alter>
          <octave>3</octave>
        </pitch>
        <duration>2520</duration>
        <type>16th</type>
        <accidental>sharp</accidental>
        <notations />
      </note>
      <note>
        <pitch>
          <step>C</step>
          <octave>4</octave>
        </pitch>
        <duration>10080</duration>
        <type>quarter</type>
        <notations />
      </note>
      <note>
        <pitch>
          <step>D</step>
          <octave>4</octave>
        </pitch>
        <duration>7560</duration>
        <type>eighth</type>
        <dot />
        <notations />
      </note>
    </measure>
    <measure number="0">
      <attributes>
        <divisions>10080</divisions>
      </attributes>
      <note>
        <pitch>
          <step>D</step>
          <octave>3</octave>
        </pitch>
        <duration>5040</duration>
        <type>eighth</type>
        <notations />
      </note>
      <note>
        <pitch>
          <step>G</step>
          <alter>0</alter>
          <octave>5</octave>
        </pitch>
        <duration>20160</duration>
        <type>half</type>
        <accidental>natural</accidental>
        <notations />
      </note>
      <note>
        <pitch>
          <step>G</step>
          <octave>5</octave>
        </pitch>
        <duration>5040</duration>
        <type>eighth</type>
        <notations />
      </note>
      <note>
        <pitch>
          <step>G</step>
          <octave>4</octave>
        </pitch>
        <duration>10080</duration>
        <type>quarter</type>
        <notations />
      </note>
    </measure>
    <measure number="0">
      <attributes>
        <divisions>10080</divisions>
      </attributes>
      <note>
        <pitch>
          <step>D</step>
          <alter>1</alter>
          <octave>5</octave>
        </pitch>
        <duration>2520</duration>
        <type>16th</type>
        <accidental>sharp</accidental>
        <notations />
      </note>
      <note>
        <pitch>
          <step>C</step>
          <octave>5</octave>
        </pitch>
        <duration>5040</duration>
        <type>eighth</type>
        <notations />
      </note>
      <note>
        <pitch>
          <step>F</step>
          <alter>1</alter>
          <octave>3</octave>
        </pitch>
        <duration>20160</duration>
        <type>half</type>
        <accidental>sharp</accidental>
        <notations />
      </note>
      <note>
        <pitch>
          <step>D</step>
          <alter>-1</alter>
          <octave>5</octave>
        </pitch>
        <duration>5040</duration>
        <type>eighth</type>
        <accidental>flat</accidental>
        <notations />
      </note>
      <note>
        <pitch>
          <step>A</step>
          <alter>-1</alter>
          <octave>5</octave>
        </pitch>
        <duration>7560</duration>
        <type>eighth</type>
        <dot />
        <accidental>flat</accidental>
        <notations />
      </note>
    </measure>
    <measure number="0">
      <attributes>
        <divisions>10080</divisions>
      </attributes>
      <note>
        <pitch>
          <step>F</step>
          <alter>1</alter>
          <octave>5</octave>
        </pitch>
        <duration>2520</duration>
        <type>16th</type>
        <accidental>sharp</accidental>
        <notations />
      </note>
      <note>
        <pitch>
          <step>F</step>
          <alter>1</alter>
          <octave>4</octave>
        </pitch>
        <duration>37800</duration>
        <type>half</type>
        <dot />
        <dot />
        <dot />
        <accidental>sharp</accidental>
        <notations />
      </note>
    </measure>
    <measure number="0">
      <attributes>
        <divisions>10080</divisions>
      </attributes>
      <note>
        <pitch>
          <step>E</step>
          <alter>-1</alter>
          <octave>3</octave>
        </pitch>
        <duration>2520</duration>
        <type>16th</type>
        <accidental>flat</accidental>
        <notations />
      </note>
      <note>
        <pitch>
          <step>C</step>
          <alter>1</alter>
          <octave>3</octave>
        </pitch>
        <duration>10080</duration>
        <type>quarter</type>
        <accidental>sharp</accidental>
        <notations />
      </note>
      <note>
        <pitch>
          <step>G</step>
          <alter>-1</alter>
          <octave>5</octave>
        </pitch>
        <duration>10080</duration>
        <type>quarter</type>
        <accidental>flat</accidental>
        <notations />
      </note>
      <note>
        <pitch>
          <step>E</step>
          <alter>0</alter>
          <octave>4</octave>
        </pitch>
        <duration>5040</duration>
        <type>eighth</type>
        <accidental>natural</accidental>
        <notations />
      </note>
      <note>
        <pitch>
          <step>E</step>
          <alter>-1</alter>
          <octave>3</octave>
        </pitch>
        <duration>10080</duration>
        <type>quarter</type>
        <accidental>flat</accidental>
        <notations />
      </note>
      <note>
        <pitch>
          <step>B</step>
          <octave>3</octave>
        </pitch>
        <duration>2520</duration>
        <type>16th</type>
        <notations />
      </note>
    </measure>
    <measure number="0">
      <attributes>
        <divisions>10080</divisions>
      </attributes>
      <note>
        <pitch>
          <step>C</step>
          <alter>1</alter>
          <octave>4</octave>
        </pitch>
        <duration>10080</duration>
        <type>quarter</type>
        <accidental>sharp</accidental>
        <notations />
      </note>
      <note>
        <pitch>
          <step>G</step>
          <alter>0</alter>
          <octave>5</octave>
        </pitch>
        <duration>20160</duration>
        <type>half</type>
        <accidental>natural</accidental>
        <notations />
      </note>
      <note>
        <pitch>
          <step>B</step>
          <alter>-1</alter>
          <octave>3</octave>
        </pitch>
        <duration>2520</duration>
        <type>16th</type>
        <accidental>flat</accidental>
        <notations />
      </note>
      <note>
        <pitch>
          <step>A</step>
          <alter>1</alter>
          <octave>4</octave>
        </pitch>
        <duration>5040</duration>
        <type>eighth</type>
        <accidental>sharp</accidental>
        <notations />
      </note>
      <note>
        <pitch>
          <step>F</step>
          <alter>1</alter>
          <octave>3</octave>
        </pitch>
        <duration>2520</duration>
        <type>16th</type>
        <accidental>sharp</accidental>
        <notations />
      </note>
    </measure>
    <measure number="0">
      <attributes>
        <divisions>10080</divisions>
      </attributes>
      <note>
        <pitch>
          <step>F</step>
          <alter>1</alter>
          <octave>5</octave>
        </pitch>
        <duration>40320</duration>
        <type>whole</type>
        <accidental>sharp</accidental>
        <notations />
      </note>
    </measure>
    <measure number="0">
      <attributes>
        <divisions>10080</divisions>
      </attributes>
      <note>
        <pitch>
          <step>E</step>
          <alter>-1</alter>
          <octave>4</octave>
        </pitch>
        <duration>40320</duration>
        <type>whole</type>
        <accidental>flat</accidental>
        <notations />
      </note>
    </measure>
    <measure number="0">
      <attributes>
        <divisions>10080</divisions>
      </attributes>
      <note>
        <pitch>
          <step>G</step>
          <octave>5</octave>
        </pitch>
        <duration>5040</duration>
        <type>eighth</type>
        <notations />
      </note>
      <note>
        <pitch>
          <step>G</step>
          <alter>-1</alter>
          <octave>5</octave>
        </pitch>
        <duration>10080</duration>
        <type>quarter</type>
        <accidental>flat</accidental>
        <notations />
      </note>
      <note>
        <pitch>
          <step>D</step>
          <octave>4</octave>
        </pitch>
        <duration>20160</duration>
        <type>half</type>
        <notations />
      </note>
      <note>
        <pitch>
          <step>A</step>
          <octave>3</octave>
        </pitch>
        <duration>5040</duration>
        <type>eighth</type>
        <notations />
      </note>
    </measure>
    <measure number="0">
      <attributes>
        <divisions>10080</divisions>
      </attributes>
      <note>
        <pitch>
          <step>C</step>
          <octave>4</octave>
        </pitch>
        <duration>40320</duration>
        <type>whole</type>
        <notations />
      </note>
    </measure>
    <measure number="0">
      <attributes>
        <divisions>10080</divisions>
      </attributes>
      <note>
        <pitch>
          <step>F</step>
          <octave>4</octave>
        </pitch>
        <duration>20160</duration>
        <type>half</type>
        <notations />
      </note>
      <note>
        <pitch>
          <step>D</step>
          <alter>-1</alter>
          <octave>4</octave>
        </pitch>
        <duration>10080</duration>
        <type>quarter</type>
        <accidental>flat</accidental>
        <notations />
      </note>
      <note>
        <pitch>
          <step>E</step>
          <octave>4</octave>
        </pitch>
        <duration>10080</duration>
        <type>quarter</type>
        <notations />
      </note>
    </measure>
    <measure number="0">
      <attributes>
        <divisions>10080</divisions>
      </attributes>
      <note>
        <pitch>
          <step>C</step>
          <alter>1</alter>
          <octave>3</octave>
        </pitch>
        <duration>20160</duration>
        <type>half</type>
        <accidental>sharp</accidental>
        <notations />
      </note>
      <note>
        <pitch>
          <step>D</step>
          <alter>0</alter>
          <octave>3</octave>
        </pitch>
        <duration>2520</duration>
        <type>16th</type>
        <accidental>natural</accidental>
        <notations />
      </note>
      <note>
        <pitch>
          <step>A</step>
          <octave>3</octave>
        </pitch>
        <duration>17640</duration>
        <type>quarter</type>
        <dot />
        <dot />
        <notations />
      </note>
    </measure>
    <measure number="0">
      <attributes>
        <divisions>10080</divisions>
      </attributes>
      <note>
        <pitch>
          <step>G</step>
          <octave>4</octave>
        </pitch>
        <duration>10080</duration>
        <type>quarter</type>
        <notations />
      </note>
      <note>
        <pitch>
          <step>B</step>
          <alter>-1</alter>
          <octave>5</octave>
        </pitch>
        <duration>5040</duration>
        <type>eighth</type>
        <accidental>flat</accidental>
        <notations />
      </note>
      <note>
        <pitch>
          <step>C</step>
          <alter>1</alter>
          <octave>3</octave>
        </pitch>
        <duration>2520</duration>
        <type>16th</type>
        <accidental>sharp</accidental>
        <notations />
      </note>
      <note>
        <pitch>
          <step>A</step>
          <alter>-1</alter>
          <octave>5</octave>
        </pitch>
        <duration>5040</duration>
        <type>eighth</type>
        <accidental>flat</accidental>
        <notations />
      </note>
      <note>
        <pitch>
          <step>G</step>
          <alter>-1</alter>
          <octave>4</octave>
        </pitch>
        <duration>17640</duration>
        <type>quarter</type>
        <dot />
        <dot />
        <accidental>flat</accidental>
        <notations />
      </note>
    </measure>
    <measure number="0">
      <attributes>
        <divisions>10080</divisions>
      </attributes>
      <note>
        <pitch>
          <step>A</step>
          <alter>1</alter>
          <octave>3</octave>
        </pitch>
        <duration>10080</duration>
        <type>quarter</type>
        <accidental>sharp</accidental>
        <notations />
      </note>
      <note>
        <pitch>
          <step>G</step>
          <alter>1</alter>
          <octave>3</octave>
        </pitch>
        <duration>10080</duration>
        <type>quarter</type>
        <accidental>sharp</accidental>
        <notations />
      </note>
      <note>
        <pitch>
          <step>F</step>
          <octave>5</octave>
        </pitch>
        <duration>10080</duration>
        <type>quarter</type>
        <notations />
      </note>
    </measure>
  </part>
  <part id="Bass">
    <measure number="0">
      <attributes>
        <divisions>10080</divisions>
      </attributes>
      <note>
        <pitch>
          <step>F</step>
          <alter>1</alter>
          <octave>2</octave>
        </pitch>
        <duration>10080</duration>
        <type>quarter</type>
        <accidental>sharp</accidental>
        <notations />
      </note>
    </measure>
    <measure number="0">
      <attributes>
        <divisions>10080</divisions>
      </attributes>
      <note>
        <pitch>
          <step>A</step>
          <alter>1</alter>
          <octave>3</octave>
        </pitch>
        <duration>20160</duration>
        <type>half</type>
        <accidental>sharp</accidental>
        <notations />
      </note>
      <note>
        <pitch>
          <step>B</step>
          <alter>-1</alter>
          <octave>4</octave>
        </pitch>
        <duration>2520</duration>
        <type>16th</type>
        <accidental>flat</accidental>
        <notations />
      </note>
      <note>
        <pitch>
          <step>F</step>
          <alter>0</alter>
          <octave>3</octave>
        </pitch>
        <duration>2520</duration>
        <type>16th</type>
        <accidental>natural</accidental>
        <notations />
      </note>
      <note>
        <pitch>
          <step>D</step>
          <alter>1</alter>
          <octave>2</octave>
        </pitch>
        <duration>15120</duration>
        <type>quarter</type>
        <dot />
        <accidental>sharp</accidental>
        <notations />
      </note>
    </measure>
    <measure number="0">
      <attributes>
        <divisions>10080</divisions>
      </attributes>
      <note>
        <pitch>
          <step>B</step>
          <alter>-1</alter>
          <octave>2</octave>
        </pitch>
        <duration>5040</duration>
        <type>eighth</type>
        <accidental>flat</accidental>
        <notations />
      </note>
      <note>
        <pitch>
          <step>D</step>
          <alter>0</alter>
          <octave>4</octave>
        </pitch>
        <duration>5040</duration>
        <type>eighth</type>
        <accidental>natural</accidental>
        <notations />
      </note>
      <note>
        <pitch>
          <step>B</step>
          <alter>0</alter>
          <octave>2</octave>
        </pitch>
        <duration>5040</duration>
        <type>eighth</type>
        <accidental>natural</accidental>
        <notations />
      </note>
      <note>
        <pitch>
          <step>A</step>
          <alter>0</alter>
          <octave>3</octave>
        </pitch>
        <duration>10080</duration>
        <type>quarter</type>
        <accidental>natural</accidental>
        <notations />
      </note>
      <note>
        <pitch>
          <step>F</step>
          <alter>1</alter>
          <octave>3</octave>
        </pitch>
        <duration>15120</duration>
        <type>quarter</type>
        <dot />
        <accidental>sharp</accidental>
        <notations />
      </note>
    </measure>
    <measure number="0">
      <attributes>
        <divisions>10080</divisions>
      </attributes>
      <note>
        <pitch>
          <step>G</step>
          <alter>1</alter>
          <octave>2</octave>
        </pitch>
        <duration>2520</duration>
        <type>16th</type>
        <accidental>sharp</accidental>
        <notations />
      </note>
      <note>
        <pitch>
          <step>C</step>
          <octave>4</octave>
        </pitch>
        <duration>10080</duration>
        <type>quarter</type>
        <notations />
      </note>
      <note>
        <pitch>
          <step>B</step>
          <octave>3</octave>
        </pitch>
        <duration>5040</duration>
        <type>eighth</type>
        <notations />
      </note>
      <note>
        <pitch>
          <step>A</step>
          <alter>-1</alter>
          <octave>4</octave>
        </pitch>
        <duration>5040</duration>
        <type>eighth</type>
        <accidental>flat</accidental>
        <notations />
      </note>
      <note>
        <pitch>
          <step>G</step>
          <alter>1</alter>
          <octave>3</octave>
        </pitch>
        <duration>2520</duration>
        <type>16th</type>
        <accidental>sharp</accidental>
        <notations />
      </note>
      <note>
        <pitch>
          <step>A</step>
          <alter>-1</alter>
          <octave>2</octave>
        </pitch>
        <duration>10080</duration>
        <type>quarter</type>
        <accidental>flat</accidental>
        <notations />
      </note>
      <note>
        <pitch>
          <step>A</step>
          <alter>1</alter>
          <octave>2</octave>
        </pitch>
        <duration>5040</duration>
        <type>eighth</type>
        <accidental>sharp</accidental>
        <notations />
      </note>
    </measure>
    <measure number="0">
      <attributes>
        <divisions>10080</divisions>
      </attributes>
      <note>
        <pitch>
          <step>D</step>
          <alter>-1</alter>
          <octave>4</octave>
        </pitch>
        <duration>40320</duration>
        <type>whole</type>
        <accidental>flat</accidental>
        <notations />
      </note>
    </measure>
    <measure number="0">
      <attributes>
        <divisions>10080</divisions>
      </attributes>
      <note>
        <pitch>
          <step>G</step>
          <octave>4</octave>
        </pitch>
        <duration>2520</duration>
        <type>16th</type>
        <notations />
      </note>
      <note>
        <pitch>
          <step>B</step>
          <alter>-1</alter>
          <octave>3</octave>
        </pitch>
        <duration>20160</duration>
        <type>half</type>
        <accidental>flat</accidental>
        <notations />
      </note>
      <note>
        <pitch>
          <step>A</step>
          <alter>1</alter>
          <octave>3</octave>
        </pitch>
        <duration>10080</duration>
        <type>quarter</type>
        <accidental>sharp</accidental>
        <notations />
      </note>
      <note>
        <pitch>
          <step>D</step>
          <alter>1</alter>
          <octave>3</octave>
        </pitch>
        <duration>2520</duration>
        <type>16th</type>
        <accidental>sharp</accidental>
        <notations />
      </note>
      <note>
        <pitch>
          <step>E</step>
          <alter>-1</alter>
          <octave>2</octave>
        </pitch>
        <duration>5040</duration>
        <type>eighth</type>
        <accidental>flat</accidental>
        <notations />
      </note>
    </measure>
    <measure number="0">
      <attributes>
        <divisions>10080</divisions>
      </attributes>
      <note>
        <pitch>
          <step>E</step>
          <alter>0</alter>
          <octave>2</octave>
        </pitch>
        <duration>2520</duration>
        <type>16th</type>
        <accidental>natural</accidental>
        <notations />
      </note>
      <note>
        <pitch>
          <step>D</step>
          <alter>1</alter>
          <octave>2</octave>
        </pitch>
        <duration>5040</duration>
        <type>eighth</type>
        <accidental>sharp</accidental>
        <notations />
      </note>
      <note>
        <pitch>
          <step>C</step>
          <alter>1</alter>
          <octave>2</octave>
        </pitch>
        <duration>2520</duration>
        <type>16th</type>
        <accidental>sharp</accidental>
        <notations />
      </note>
      <note>
        <pitch>
          <step>B</step>
          <alter>-1</alter>
          <octave>3</octave>
        </pitch>
        <duration>30240</duration>
        <type>half</type>
        <dot />
        <accidental>flat</accidental>
        <notations />
      </note>
    </measure>
    <measure number="0">
      <attributes>
        <divisions>10080</divisions>
      </attributes>
      <note>
        <pitch>
          <step>A</step>
          <alter>1</alter>
          <octave>2</octave>
        </pitch>
        <duration>40320</duration>
        <type>whole</type>
        <accidental>sharp</accidental>
        <notations />
      </note>
    </measure>
    <measure number="0">
      <attributes>
        <divisions>10080</divisions>
      </attributes>
      <note>
        <pitch>
          <step>G</step>
          <alter>-1</alter>
          <octave>4</octave>
        </pitch>
        <duration>20160</duration>
        <type>half</type>
        <accidental>flat</accidental>
        <notations />
      </note>
      <note>
        <pitch>
          <step>G</step>
          <alter>0</alter>
          <octave>4</octave>
        </pitch>
        <duration>10080</duration>
        <type>quarter</type>
        <accidental>natural</accidental>
        <notations />
      </note>
      <note>
        <pitch>
          <step>C</step>
          <octave>3</octave>
        </pitch>
        <duration>2520</duration>
        <type>16th</type>
        <notations />
      </note>
      <note>
        <pitch>
          <step>A</step>
          <alter>0</alter>
          <octave>3</octave>
        </pitch>
        <duration>5040</duration>
        <type>eighth</type>
        <accidental>natural</accidental>
        <notations />
      </note>
      <note>
        <pitch>
          <step>E</step>
          <octave>4</octave>
        </pitch>
        <duration>2520</duration>
        <type>16th</type>
        <notations />
      </note>
    </measure>
    <measure number="0">
      <attributes>
        <divisions>10080</divisions>
      </attributes>
      <note>
        <pitch>
          <step>C</step>
          <octave>4</octave>
        </pitch>
        <duration>40320</duration>
        <type>whole</type>
        <notations />
      </note>
    </measure>
    <measure number="0">
      <attributes>
        <divisions>10080</divisions>
      </attributes>
      <note>
        <pitch>
          <step>D</step>
          <alter>1</alter>
          <octave>3</octave>
        </pitch>
        <duration>20160</duration>
        <type>half</type>
        <accidental>sharp</accidental>
        <notations />
      </note>
      <note>
        <pitch>
          <step>D</step>
          <alter>0</alter>
          <octave>3</octave>
        </pitch>
        <duration>20160</duration>
        <type>half</type>
        <accidental>natural</accidental>
        <notations />
      </note>
    </measure>
    <measure number="0">
      <attributes>
        <divisions>10080</divisions>
      </attributes>
      <note>
        <pitch>
          <step>A</step>
          <alter>1</alter>
          <octave>2</octave>
        </pitch>
        <duration>40320</duration>
        <type>whole</type>
        <accidental>sharp</accidental>
        <notations />
      </note>
    </measure>
    <measure number="0">
      <attributes>
        <divisions>10080</divisions>
      </attributes>
      <note>
        <pitch>
          <step>A</step>
          <alter>-1</alter>
          <octave>3</octave>
        </pitch>
        <duration>2520</duration>
        <type>16th</type>
        <accidental>flat</accidental>
        <notations />
      </note>
      <note>
        <pitch>
          <step>A</step>
          <alter>-1</alter>
          <octave>4</octave>
        </pitch>
        <duration>2520</duration>
        <type>16th</type>
        <accidental>flat</accidental>
        <notations />
      </note>
      <note>
        <pitch>
          <step>A</step>
          <alter>1</alter>
          <octave>3</octave>
        </pitch>
        <duration>20160</duration>
        <type>half</type>
        <accidental>sharp</accidental>
        <notations />
      </note>
      <note>
        <pitch>
          <step>F</step>
          <alter>1</alter>
          <octave>4</octave>
        </pitch>
        <duration>2520</duration>
        <type>16th</type>
        <accidental>sharp</accidental>
        <notations />
      </note>
      <note>
        <pitch>
          <step>G</step>
          <alter>1</alter>
          <octave>4</octave>
        </pitch>
        <duration>2520</duration>
        <type>16th</type>
        <accidental>sharp</accidental>
        <notations />
      </note>
      <note>
        <pitch>
          <step>E</step>
          <alter>-1</alter>
          <octave>4</octave>
        </pitch>
        <duration>10080</duration>
        <type>quarter</type>
        <accidental>flat</accidental>
        <notations />
      </note>
    </measure>
    <measure number="0">
      <attributes>
        <divisions>10080</divisions>
      </attributes>
      <note>
        <pitch>
          <step>A</step>
          <alter>0</alter>
          <octave>4</octave>
        </pitch>
        <duration>40320</duration>
        <type>whole</type>
        <accidental>natural</accidental>
        <notations />
      </note>
    </measure>
    <measure number="0">
      <attributes>
        <divisions>10080</divisions>
      </attributes>
      <note>
        <pitch>
          <step>F</step>
          <octave>2</octave>
        </pitch>
        <duration>40320</duration>
        <type>whole</type>
        <notations />
      </note>
    </measure>
    <measure number="0">
      <attributes>
        <divisions>10080</divisions>
      </attributes>
      <note>
        <pitch>
          <step>C</step>
          <alter>1</alter>
          <octave>3</octave>
        </pitch>
        <duration>20160</duration>
        <type>half</type>
        <accidental>sharp</accidental>
        <notations />
      </note>
      <note>
        <pitch>
          <step>G</step>
          <alter>-1</alter>
          <octave>3</octave>
        </pitch>
        <duration>20160</duration>
        <type>half</type>
        <accidental>flat</accidental>
        <notations />
      </note>
    </measure>
    <measure number="0">
      <attributes>
        <divisions>10080</divisions>
      </attributes>
      <note>
        <pitch>
          <step>C</step>
          <alter>1</alter>
          <octave>2</octave>
        </pitch>
        <duration>2520</duration>
        <type>16th</type>
        <accidental>sharp</accidental>
        <notations />
      </note>
      <note>
        <pitch>
          <step>D</step>
          <alter>1</alter>
          <octave>2</octave>
        </pitch>
        <duration>20160</duration>
        <type>half</type>
        <accidental>sharp</accidental>
        <notations />
      </note>
      <note>
        <pitch>
          <step>C</step>
          <alter>1</alter>
          <octave>2</octave>
        </pitch>
        <duration>2520</duration>
        <type>16th</type>
        <accidental>sharp</accidental>
        <notations />
      </note>
      <note>
        <pitch>
          <step>B</step>
          <alter>-1</alter>
          <octave>3</octave>
        </pitch>
        <duration>2520</duration>
        <type>16th</type>
        <accidental>flat</accidental>
        <notations />
      </note>
      <note>
        <pitch>
          <step>D</step>
          <alter>1</alter>
          <octave>3</octave>
        </pitch>
        <duration>5040</duration>
        <type>eighth</type>
        <accidental>sharp</accidental>
        <notations />
      </note>
      <note>
        <pitch>
          <step>A</step>
          <octave>4</octave>
        </pitch>
        <duration>5040</duration>
        <type>eighth</type>
        <notations />
      </note>
      <note>
        <pitch>
          <step>G</step>
          <alter>1</alter>
          <octave>3</octave>
        </pitch>
        <duration>2520</duration>
        <type>16th</type>
        <accidental>sharp</accidental>
        <notations />
      </note>
    </measure>
    <measure number="0">
      <attributes>
        <divisions>10080</divisions>
      </attributes>
      <note>
        <pitch>
          <step>G</step>
          <alter>0</alter>
          <octave>3</octave>
        </pitch>
        <duration>2520</duration>
        <type>16th</type>
        <accidental>natural</accidental>
        <notations />
      </note>
      <note>
        <pitch>
          <step>G</step>
          <alter>-1</alter>
          <octave>2</octave>
        </pitch>
        <duration>20160</duration>
        <type>half</type>
        <accidental>flat</accidental>
        <notations />
      </note>
      <note>
        <pitch>
          <step>A</step>
          <alter>1</alter>
          <octave>3</octave>
        </pitch>
        <duration>17640</duration>
        <type>quarter</type>
        <dot />
        <dot />
        <accidental>sharp</accidental>
        <notations />
      </note>
    </measure>
    <measure number="0">
      <attributes>
        <divisions>10080</divisions>
      </attributes>
      <note>
        <pitch>
          <step>D</step>
          <alter>1</alter>
          <octave>4</octave>
        </pitch>
        <duration>10080</duration>
        <type>quarter</type>
        <accidental>sharp</accidental>
        <notations />
      </note>
      <note>
        <pitch>
          <step>A</step>
          <alter>1</alter>
          <octave>3</octave>
        </pitch>
        <duration>5040</duration>
        <type>eighth</type>
        <accidental>sharp</accidental>
        <notations />
      </note>
      <note>
        <pitch>
          <step>B</step>
          <octave>2</octave>
        </pitch>
        <duration>20160</duration>
        <type>half</type>
        <notations />
      </note>
      <note>
        <pitch>
          <step>D</step>
          <alter>1</alter>
          <octave>3</octave>
        </pitch>
        <duration>5040</duration>
        <type>eighth</type>
        <accidental>sharp</accidental>
        <notations />
      </note>
    </measure>
    <measure number="0">
      <attributes>
        <divisions>10080</divisions>
      </attributes>
      <note>
        <pitch>
          <step>A</step>
          <alter>0</alter>
          <octave>2</octave>
        </pitch>
        <duration>40320</duration>
        <type>whole</type>
        <accidental>natural</accidental>
        <notations />
      </note>
    </measure>
    <measure number="0">
      <attributes>
        <divisions>10080</divisions>
      </attributes>
      <note>
        <pitch>
          <step>D</step>
          <octave>2</octave>
        </pitch>
        <duration>20160</duration>
        <type>half</type>
        <notations />
      </note>
      <note>
        <pitch>
          <step>B</step>
          <alter>-1</alter>
          <octave>4</octave>
        </pitch>
        <duration>10080</duration>
        <type>quarter</type>
        <accidental>flat</accidental>
        <notations />
      </note>
    </measure>
  </part>
</score-partwise>